Sample Name,Sample type,Sample group,Matrix,Location,Compound,Analyte Peak Area,Analyte Retention Time (min),Internal Standard Peak Area,Internal Standard Retention Time (min),Normalization factor
0 ng/mL,Calibration Curve,Lab,N/A,N/A,PFHxA,0.00E+00,2.38,8.01E+04,2.38,1.00E+00
0.2 ng/mL,Calibration Curve,Lab,N/A,N/A,PFHxA,1.66E+04,2.38,4.80E+04,2.41,1.00E+00
0.4 ng/mL,Calibration Curve,Lab,N/A,N/A,PFHxA,2.24E+04,2.41,4.97E+04,2.41,1.00E+00
1 ng/mL,Calibration Curve,Lab,N/A,N/A,PFHxA,5.22E+04,2.41,5.11E+04,2.41,1.00E+00
2 ng/mL,Calibration Curve,Lab,N/A,N/A,PFHxA,1.03E+05,2.41,4.82E+04,2.39,1.00E+00
4 ng/mL,Calibration Curve,Lab,N/A,N/A,PFHxA,1.64E+05,2.41,4.57E+04,2.41,1.00E+00
10 ng/mL,Calibration Curve,Lab,N/A,N/A,PFHxA,3.55E+05,2.41,4.62E+04,2.39,1.00E+00
20 ng/mL,Calibration Curve,Lab,N/A,N/A,PFHxA,7.79E+05,2.4,4.56E+04,2.41,1.00E+00
40 ng/mL,Calibration Curve,Lab,N/A,N/A,PFHxA,1.12E+06,2.41,3.70E+04,2.4,1.00E+00
100 ng/mL,Calibration Curve,Lab,N/A,N/A,PFHxA,2.67E+06,2.43,3.20E+04,2.42,1.00E+00
2022_20MCWater_FieldBlank,Blank,Field,Water,20MC,PFHxA,0.00E+00,0,2.73E+04,2.39,1.00E+00
2022_20MCWater_FieldSpike1,Spike,Field,Water,20MC,PFHxA,1.06E+04,2.43,2.11E+04,2.43,1.00E+00
2022_20MCWater_FieldSpike2,Spike,Field,Water,20MC,PFHxA,1.09E+04,2.42,2.30E+04,2.39,1.00E+00
2022_20MCWater_LabBlank,Blank,Lab,Water,20MC,PFHxA,0.00E+00,0,2.48E+04,2.43,1.00E+00
2022_20MCWater_Sample1,Sample,Field,Water,20MC,PFHxA,0.00E+00,0,1.93E+04,2.42,1.00E+00
2022_20MCWater_Sample2,Sample,Field,Water,20MC,PFHxA,0.00E+00,0,2.36E+04,2.42,1.00E+00
2022_20MCWater_Sample3,Sample,Field,Water,20MC,PFHxA,3.58E+03,2.42,1.85E+04,2.44,1.00E+00
2022_20MCWater_Sample4,Sample,Field,Water,20MC,PFHxA,5.73E+03,2.43,2.07E+04,2.41,1.00E+00
2022_NIAWater_FieldBlank1,Blank,Field,Water,NIA,PFHxA,1.92E+03,2.43,1.87E+04,2.43,1.00E+00
2022_NIAWater_FieldBlank2,Blank,Field,Water,NIA,PFHxA,1.96E+03,2.45,2.03E+04,2.42,1.00E+00
2022_NIAWater_FieldSpike1,Spike,Field,Water,NIA,PFHxA,1.08E+04,2.4,1.55E+04,2.43,1.00E+00
2022_NIAWater_FieldSpike2,Spike,Field,Water,NIA,PFHxA,1.36E+04,2.43,1.73E+04,2.4,1.00E+00
2022_NIAWater_LabBlank,Blank,Lab,Water,NIA,PFHxA,1.98E+03,2.45,1.88E+04,2.43,1.00E+00
2022_NIAWater_Sample1,Sample,Field,Water,NIA,PFHxA,2.97E+04,2.42,1.40E+04,2.42,1.00E+00
2022_NIAWater_Sample2,Sample,Field,Water,NIA,PFHxA,3.05E+04,2.4,1.42E+04,2.4,1.00E+00
2022_NIAWater_Sample3,Sample,Field,Water,NIA,PFHxA,2.68E+04,2.36,1.58E+04,2.36,1.00E+00
2022_NIASediment_GroupA_FieldBlank,Blank,Field,Sediment,NIA,PFHxA,0.00E+00,0,3.91E+03,2.45,1.00E+00
2022_NIASediment_GroupA_LabBlank,Blank,Lab,Sediment,NIA,PFHxA,0.00E+00,0,3.30E+03,2.42,1.00E+00
2022_NIASediment_GroupA_Sample,Sample,Field,Sediment,NIA,PFHxA,0.00E+00,0,2.88E+03,2.44,1.00E+00
2022_NIASediment_GroupA_Spike,Spike,Field,Sediment,NIA,PFHxA,1.60E+04,2.47,1.62E+03,2.5,1.00E+00
2022_NIASediment_GroupB_FieldBlank,Blank,Field,Sediment,NIA,PFHxA,0.00E+00,0,1.36E+03,2.45,1.00E+00
2022_NIASediment_GroupB_LabBlank,Blank,Lab,Sediment,NIA,PFHxA,0.00E+00,0,1.71E+03,2.42,1.00E+00
2022_NIASediment_GroupB_Sample,Sample,Field,Sediment,NIA,PFHxA,0.00E+00,0,9.97E+02,2.48,1.00E+00
2022_NIASediment_GroupB_Spike,Spike,Field,Sediment,NIA,PFHxA,6.13E+03,2.5,6.94E+02,2.48,1.00E+00
2022_NIASediment_GroupE_FieldBlank,Blank,Field,Sediment,NIA,PFHxA,2.01E+02,2.57,1.17E+03,2.51,1.00E+00
2022_NIASediment_GroupE_LabBlank,Blank,Lab,Sediment,NIA,PFHxA,2.35E+02,2.5,1.52E+03,2.48,1.00E+00
2022_NIASediment_GroupE_Sample,Sample,Field,Sediment,NIA,PFHxA,2.40E+02,2.58,1.24E+03,2.46,1.00E+00
2022_NIASediment_GroupE_Spike,Spike,Field,Sediment,NIA,PFHxA,2.94E+03,2.47,5.80E+02,2.45,1.00E+00
2022_NIASediment_GroupF_FieldBlank,Blank,Field,Sediment,NIA,PFHxA,0.00E+00,0,6.24E+02,2.46,1.00E+00
2022_NIASediment_GroupF_LabBlank,Blank,Lab,Sediment,NIA,PFHxA,0.00E+00,0,8.83E+02,2.41,1.00E+00
2022_NIASediment_GroupF_Sample,Sample,Field,Sediment,NIA,PFHxA,0.00E+00,0,6.86E+02,2.45,1.00E+00
2022_NIASediment_GroupF_Spike,Spike,Field,Sediment,NIA,PFHxA,5.04E+03,2.47,5.56E+02,2.5,1.00E+00
2022_NIABiota_GroupA_BlenderBlank,Blank,Blender,Biota,NIA,PFHxA,4.47E+02,2.42,5.53E+03,2.42,1.00E+00
2022_NIABiota_GroupA_Crayfish1,Sample,Mortar,Biota,NIA,PFHxA,4.43E+02,2.43,3.20E+03,2.41,1.00E+00
2022_NIABiota_GroupA_Crayfish2,Sample,Mortar,Biota,NIA,PFHxA,5.21E+02,2.44,2.40E+03,2.41,1.00E+00
2022_NIABiota_GroupA_MortarBlank,Blank,Mortar,Biota,NIA,PFHxA,2.00E+03,2.43,4.29E+03,2.43,1.00E+00
2022_NIABiota_GroupA_MortarSpike,Spike,Mortar,Biota,NIA,PFHxA,1.99E+04,2.44,3.66E+03,2.4,1.00E+00
2022_NIABiota_GroupA_Sunfish1,Sample,Blender,Biota,NIA,PFHxA,2.32E+04,3.69,3.11E+04,3.93,1.00E+00
2022_NIABiota_GroupA_Sunfish2,Sample,Blender,Biota,NIA,PFHxA,1.19E+04,3.69,1.86E+04,3.92,1.00E+00
2022_NIABiota_GroupB_BlenderBlank,Blank,Blender,Biota,NIA,PFHxA,0.00E+00,0,4.75E+03,2.44,1.00E+00
2022_NIABiota_GroupB_BlenderSpike,Spike,Blender,Biota,NIA,PFHxA,9.24E+03,2.45,1.34E+03,2.42,1.00E+00
2022_NIABiota_GroupB_HomogenizerBlank,Blank,Homogenizer,Biota,NIA,PFHxA,8.03E+02,2.43,4.08E+03,2.42,1.00E+00
2022_NIABiota_GroupB_HomogenizerSpike,Spike,Homogenizer,Biota,NIA,PFHxA,2.34E+04,2.42,4.57E+03,2.42,1.00E+00
2022_NIABiota_GroupB_Spider1,Sample,Homogenizer,Biota,NIA,PFHxA,2.35E+02,2.43,5.17E+03,2.39,1.00E+00
2022_NIABiota_GroupB_Spider2,Sample,Homogenizer,Biota,NIA,PFHxA,4.65E+02,2.45,3.13E+03,2.43,1.00E+00
2022_NIABiota_GroupB_Sunfish1,Sample,Blender,Biota,NIA,PFHxA,6.08E+02,2.42,1.75E+03,2.41,1.00E+00
2022_NIABiota_GroupB_Sunfish2,Sample,Blender,Biota,NIA,PFHxA,3.62E+02,2.42,3.01E+03,2.44,1.00E+00
2022_NIABiota_GroupC_BlenderBlank,Blank,Blender,Biota,NIA,PFHxA,0.00E+00,4,1.40E+03,2.39,1.00E+00
2022_NIABiota_GroupC_BlenderSpike,Spike,Blender,Biota,NIA,PFHxA,5.43E+03,2.39,1.09E+03,2.44,1.00E+00
2022_NIABiota_GroupC_Catfish1,Sample,Blender,Biota,NIA,PFHxA,0.00E+00,0,1.39E+03,2.4,1.00E+00
2022_NIABiota_GroupC_Catfish2,Sample,Blender,Biota,NIA,PFHxA,0.00E+00,0,1.03E+03,2.48,1.00E+00
2022_NIABiota_GroupC_HomogenizerBlank,Blank,Homogenizer,Biota,NIA,PFHxA,7.54E+02,2.43,3.18E+03,2.41,1.00E+00
2022_NIABiota_GroupC_HomogenizerSpike,Spike,Homogenizer,Biota,NIA,PFHxA,6.31E+03,2.45,4.94E+03,2.99,1.00E+00
2022_NIABiota_GroupC_Shrimp1,Sample,Homogenizer,Biota,NIA,PFHxA,8.23E+02,2.96,9.51E+03,3.04,1.00E+00
2022_NIABiota_GroupC_Shrimp2,Sample,Homogenizer,Biota,NIA,PFHxA,5.33E+02,2.93,6.52E+03,3.02,1.00E+00
2022_NIABiota_GroupD_Crayfish1,Sample,Mortar,Biota,NIA,PFHxA,5.19E+02,2.4,2.31E+03,2.44,1.00E+00
2022_NIABiota_GroupD_Crayfish2,Sample,Mortar,Biota,NIA,PFHxA,6.39E+02,2.41,2.30E+03,2.41,1.00E+00
2022_NIABiota_GroupD_MortarBlank,Blank,Mortar,Biota,NIA,PFHxA,5.85E+02,2.44,3.10E+03,2.42,1.00E+00
2022_NIABiota_GroupD_MortarSpike,Spike,Mortar,Biota,NIA,PFHxA,1.85E+04,2.39,3.21E+03,2.41,1.00E+00
2022_NIABiota_GroupE_BlenderBlank,Blank,Blender,Biota,NIA,PFHxA,0.00E+00,0,4.13E+03,2.39,1.00E+00
2022_NIABiota_GroupE_Catfish,Sample,Blender,Biota,NIA,PFHxA,0.00E+00,2.03,2.21E+03,2.41,1.00E+00
2022_NIABiota_GroupE_MortarBlank,Blank,Mortar,Biota,NIA,PFHxA,0.00E+00,0,3.86E+03,2.43,1.00E+00
2022_NIABiota_GroupE_MortarSpike,Spike,Mortar,Biota,NIA,PFHxA,1.51E+04,2.41,1.98E+03,2.39,1.00E+00
2022_NIABiota_GroupE_Snail,Sample,Mortar,Biota,NIA,PFHxA,2.62E+02,2.51,8.55E+02,2.45,1.00E+00
2022_NIABiota_GroupF_BlenderBlank,Blank,Blender,Biota,NIA,PFHxA,0.00E+00,0,3.27E+03,2.43,1.00E+00
2022_NIABiota_GroupF_BlenderSpike,Spike,Blender,Biota,NIA,PFHxA,7.51E+03,2.41,2.31E+03,2.43,1.00E+00
2022_NIABiota_GroupF_LargeSunfish1,Sample,Blender,Biota,NIA,PFHxA,0.00E+00,0,2.65E+03,2.43,1.00E+00
2022_NIABiota_GroupF_LargeSunfish2,Sample,Blender,Biota,NIA,PFHxA,0.00E+00,0,3.01E+03,2.42,1.00E+00
2022_NIABiota_GroupF_LargeSunfish3,Sample,Blender,Biota,NIA,PFHxA,4.18E+02,2.38,4.26E+03,2.43,1.00E+00
2022_NIABiota_GroupF_MortarBlank,Blank,Mortar,Biota,NIA,PFHxA,0.00E+00,0,8.33E+02,2.47,1.00E+00
2022_NIABiota_GroupF_MortarSpike,Spike,Mortar,Biota,NIA,PFHxA,5.28E+03,2.43,1.64E+03,2.51,1.00E+00
2022_NIABiota_GroupF_Snail1,Sample,Mortar,Biota,NIA,PFHxA,4.31E+02,2.43,3.20E+03,2.39,1.00E+00
2022_NIABiota_GroupF_Snail2,Sample,Mortar,Biota,NIA,PFHxA,3.91E+02,2.46,2.10E+03,2.43,1.00E+00
2021_20MCSediment_GroupG_Sample1,Sample,Field,Sediment,20MC,PFHxA,3549.999023,2.4,3000,2.4,1.00E+00
2021_20MCSediment_GroupG_Sample2,Sample,Field,Sediment,20MC,PFHxA,3600.826768,2.4,3000,2.4,1.00E+00
2021_20MCSediment_GroupG_Sample3,Sample,Field,Sediment,20MC,PFHxA,1955.968823,2.4,3000,2.4,1.00E+00
2021_20MCSediment_GroupG_Spike,Spike,Field,Sediment,20MC,PFHxA,95884.11756,2.4,3000,2.4,1.00E+00
2021_20MCSediment_GroupG_LabBlank,Blank,Lab,Sediment,20MC,PFHxA,1955.968823,2.4,3000,2.4,1.00E+00
2021_20MCSediment_GroupG_FieldBlank,Blank,Field,Sediment,20MC,PFHxA,1955.968823,2.4,3000,2.4,1.00E+00
2021_20MCSediment_GroupH_Sample1,Sample,Field,Sediment,20MC,PFHxA,3935.162882,2.4,3000,2.4,1.00E+00
2021_20MCSediment_GroupH_Sample2,Sample,Field,Sediment,20MC,PFHxA,4109.274776,2.4,3000,2.4,1.00E+00
2021_20MCSediment_GroupH_Sample3,Sample,Field,Sediment,20MC,PFHxA,3921.783126,2.4,3000,2.4,1.00E+00
2021_20MCSediment_GroupH_Spike,Spike,Field,Sediment,20MC,PFHxA,104449.9469,2.4,3000,2.4,1.00E+00
2021_20MCSediment_GroupH_LabBlank,Blank,Lab,Sediment,20MC,PFHxA,2991.006532,2.4,3000,2.4,1.00E+00
2021_20MCSediment_GroupH_FieldBlank,Blank,Field,Sediment,20MC,PFHxA,4750.588627,2.4,3000,2.4,1.00E+00
2021_20MCSediment_GroupI_Sample1,Sample,Field,Sediment,20MC,PFHxA,3950.804772,2.4,3000,2.4,1.00E+00
2021_20MCSediment_GroupI_Sample2,Sample,Field,Sediment,20MC,PFHxA,3292.519287,2.4,3000,2.4,1.00E+00
2021_20MCSediment_GroupI_Sample3,Sample,Field,Sediment,20MC,PFHxA,3005.359435,2.4,3000,2.4,1.00E+00
2021_20MCSediment_GroupI_Spike,Spike,Field,Sediment,20MC,PFHxA,53411.77305,2.4,3000,2.4,1.00E+00
2021_20MCSediment_GroupI_LabBlank,Blank,Lab,Sediment,20MC,PFHxA,2717.217327,2.4,3000,2.4,1.00E+00
2021_20MCSediment_GroupI_FieldBlank,Blank,Field,Sediment,20MC,PFHxA,2787.873777,2.4,3000,2.4,1.00E+00
2021_20MCBiota_GroupG_MortarSpike,Spike,Mortar,Biota,20MC,PFHxA,14856.32165,2.4,3000,2.4,1.00E+00
2021_20MCBiota_GroupG_MortarBlank,Blank,Mortar,Biota,20MC,PFHxA,1303.979215,2.4,3000,2.4,1.00E+00
2021_20MCBiota_GroupG_BlenderBlank,Blank,Blender,Biota,20MC,PFHxA,1303.979215,2.4,3000,2.4,1.00E+00
2021_20MCBiota_GroupG_Crayfish1,Sample,Mortar,Biota,20MC,PFHxA,1303.979215,2.4,3000,2.4,1.00E+00
2021_20MCBiota_GroupG_Crayfish2,Sample,Mortar,Biota,20MC,PFHxA,1848.486528,2.4,3000,2.4,1.00E+00
2021_20MCBiota_GroupG_Catfish1,Sample,Blender,Biota,20MC,PFHxA,2131.106316,2.4,3000,2.4,1.00E+00
2021_20MCBiota_GroupG_Catfish2,Sample,Blender,Biota,20MC,PFHxA,1303.979215,2.4,3000,2.4,1.00E+00
2021_20MCBiota_GroupG_HardshellBug,Sample,Mortar,Biota,20MC,PFHxA,1303.979215,2.4,3000,2.4,1.00E+00
2021_20MCBiota_GroupH_MortarSpike,Spike,Mortar,Biota,20MC,PFHxA,9248.638149,2.4,3000,2.4,1.00E+00
2021_20MCBiota_GroupH_MortarBlank,Blank,Mortar,Biota,20MC,PFHxA,1418.251836,2.4,3000,2.4,1.00E+00
2021_20MCBiota_GroupH_BlenderBlank,Blank,Blender,Biota,20MC,PFHxA,1303.979215,2.4,3000,2.4,1.00E+00
2021_20MCBiota_GroupH_HardshellBug1,Sample,Mortar,Biota,20MC,PFHxA,1804.833187,2.4,3000,2.4,1.00E+00
2021_20MCBiota_GroupH_HardshellBug2,Sample,Mortar,Biota,20MC,PFHxA,1711.526344,2.4,3000,2.4,1.00E+00
2021_20MCBiota_GroupH_Crayfish1,Sample,Mortar,Biota,20MC,PFHxA,1303.979215,2.4,3000,2.4,1.00E+00
2021_20MCBiota_GroupH_Crayfish2,Sample,Mortar,Biota,20MC,PFHxA,1303.979215,2.4,3000,2.4,1.00E+00
2021_20MCBiota_GroupH_Catfish,Sample,Blender,Biota,20MC,PFHxA,1303.979215,2.4,3000,2.4,1.00E+00
2021_20MCBiota_GroupI_MortarSpike,Spike,Mortar,Biota,20MC,PFHxA,10877.91391,2.4,3000,2.4,1.00E+00
2021_20MCBiota_GroupI_MortarBlank,Blank,Mortar,Biota,20MC,PFHxA,1394.204667,2.4,3000,2.4,1.00E+00
2021_20MCBiota_GroupI_BlenderBlank,Blank,Blender,Biota,20MC,PFHxA,1303.979215,2.4,3000,2.4,1.00E+00
2021_20MCBiota_GroupI_Crayfish,Sample,Mortar,Biota,20MC,PFHxA,2324.172591,2.4,3000,2.4,1.00E+00
2021_20MCBiota_GroupI_Sunfish,Sample,Blender,Biota,20MC,PFHxA,1889.238343,2.4,3000,2.4,1.00E+00
2021_20MCBiota_GroupI_Catfish,Sample,Blender,Biota,20MC,PFHxA,2931.387196,2.4,3000,2.4,1.00E+00
2021_20MCBiota_GroupI_Nymph,Sample,Mortar,Biota,20MC,PFHxA,1303.979215,2.4,3000,2.4,1.00E+00
2021_20MCBiota_GroupI_Slug,Sample,Blender,Biota,20MC,PFHxA,2255.559156,2.4,3000,2.4,1.00E+00
2021_20MCBiota_GroupI_Beetle1,Sample,Mortar,Biota,20MC,PFHxA,4916.052829,2.4,3000,2.4,1.00E+00
2021_20MCBiota_GroupI_Beetle2,Sample,Mortar,Biota,20MC,PFHxA,2289.464562,2.4,3000,2.4,1.00E+00
0 ng/mL,Calibration Curve,Lab,N/A,N/A,PFHpA,0.00E+00,2.48,1.32E+05,2.6,1.00E+00
0.2 ng/mL,Calibration Curve,Lab,N/A,N/A,PFHpA,2.70E+04,2.5,1.05E+05,2.6,1.00E+00
0.4 ng/mL,Calibration Curve,Lab,N/A,N/A,PFHpA,4.62E+04,2.5,1.08E+05,2.6,1.00E+00
1 ng/mL,Calibration Curve,Lab,N/A,N/A,PFHpA,9.94E+04,2.5,1.20E+05,2.61,1.00E+00
2 ng/mL,Calibration Curve,Lab,N/A,N/A,PFHpA,2.27E+05,2.5,1.17E+05,2.61,1.00E+00
4 ng/mL,Calibration Curve,Lab,N/A,N/A,PFHpA,3.34E+05,2.5,1.19E+05,2.62,1.00E+00
10 ng/mL,Calibration Curve,Lab,N/A,N/A,PFHpA,8.14E+05,2.51,1.08E+05,2.62,1.00E+00
20 ng/mL,Calibration Curve,Lab,N/A,N/A,PFHpA,1.88E+06,2.5,9.58E+04,2.62,1.00E+00
40 ng/mL,Calibration Curve,Lab,N/A,N/A,PFHpA,2.90E+06,2.51,8.20E+04,2.61,1.00E+00
100 ng/mL,Calibration Curve,Lab,N/A,N/A,PFHpA,5.23E+06,2.51,6.88E+04,2.62,1.00E+00
2022_20MCWater_FieldBlank,Blank,Field,Water,20MC,PFHpA,8.91E+03,2.51,5.46E+04,2.61,1.00E+00
2022_20MCWater_FieldSpike1,Spike,Field,Water,20MC,PFHpA,2.05E+04,2.5,6.21E+04,2.62,1.00E+00
2022_20MCWater_FieldSpike2,Spike,Field,Water,20MC,PFHpA,2.01E+04,2.52,4.73E+04,2.63,1.00E+00
2022_20MCWater_LabBlank,Blank,Lab,Water,20MC,PFHpA,0.00E+00,0,3.08E+04,2.64,1.00E+00
2022_20MCWater_Sample1,Sample,Field,Water,20MC,PFHpA,7.41E+03,2.52,3.92E+04,2.63,1.00E+00
2022_20MCWater_Sample2,Sample,Field,Water,20MC,PFHpA,7.67E+03,2.51,3.88E+04,2.63,1.00E+00
2022_20MCWater_Sample3,Sample,Field,Water,20MC,PFHpA,4.90E+03,2.51,4.52E+04,2.62,1.00E+00
2022_20MCWater_Sample4,Sample,Field,Water,20MC,PFHpA,5.00E+03,2.52,4.04E+04,2.64,1.00E+00
2022_NIAWater_FieldBlank1,Blank,Field,Water,NIA,PFHpA,4.77E+03,2.53,3.68E+04,2.62,1.00E+00
2022_NIAWater_FieldBlank2,Blank,Field,Water,NIA,PFHpA,5.46E+03,2.52,3.98E+04,2.62,1.00E+00
2022_NIAWater_FieldSpike1,Spike,Field,Water,NIA,PFHpA,2.13E+04,2.53,4.70E+04,2.65,1.00E+00
2022_NIAWater_FieldSpike2,Spike,Field,Water,NIA,PFHpA,1.11E+04,2.51,3.47E+04,2.57,1.00E+00
2022_NIAWater_LabBlank,Blank,Lab,Water,NIA,PFHpA,3.02E+04,2.48,2.73E+04,2.56,1.00E+00
2022_NIAWater_Sample1,Sample,Field,Water,NIA,PFHpA,3.08E+04,2.42,3.00E+04,2.54,1.00E+00
2022_NIAWater_Sample2,Sample,Field,Water,NIA,PFHpA,3.73E+04,2.53,3.10E+04,2.65,1.00E+00
2022_NIAWater_Sample3,Sample,Field,Water,NIA,PFHpA,3.09E+04,2.54,3.29E+04,2.62,1.00E+00
2022_NIASediment_GroupA_FieldBlank,Blank,Field,Sediment,NIA,PFHpA,0.00E+00,0,5.80E+03,2.62,1.00E+00
2022_NIASediment_GroupA_LabBlank,Blank,Lab,Sediment,NIA,PFHpA,1.35E+03,2.56,7.96E+03,2.65,1.00E+00
2022_NIASediment_GroupA_Sample,Sample,Field,Sediment,NIA,PFHpA,1.51E+03,2.55,7.25E+03,2.61,1.00E+00
2022_NIASediment_GroupA_Spike,Spike,Field,Sediment,NIA,PFHpA,2.34E+04,2.55,3.39E+03,2.61,1.00E+00
2022_NIASediment_GroupB_FieldBlank,Blank,Field,Sediment,NIA,PFHpA,0.00E+00,3.1,3.55E+03,2.66,1.00E+00
2022_NIASediment_GroupB_LabBlank,Blank,Lab,Sediment,NIA,PFHpA,0.00E+00,0,2.12E+03,2.63,1.00E+00
2022_NIASediment_GroupB_Sample,Sample,Field,Sediment,NIA,PFHpA,6.22E+02,2.56,2.11E+03,2.63,1.00E+00
2022_NIASediment_GroupB_Spike,Spike,Field,Sediment,NIA,PFHpA,1.49E+04,2.5,1.91E+03,2.63,1.00E+00
2022_NIASediment_GroupE_FieldBlank,Blank,Field,Sediment,NIA,PFHpA,2.05E+02,2.56,3.36E+03,2.61,1.00E+00
2022_NIASediment_GroupE_LabBlank,Blank,Lab,Sediment,NIA,PFHpA,0.00E+00,0,9.76E+02,2.64,1.00E+00
2022_NIASediment_GroupE_Sample,Sample,Field,Sediment,NIA,PFHpA,9.58E+02,2.41,1.42E+03,2.65,1.00E+00
2022_NIASediment_GroupE_Spike,Spike,Field,Sediment,NIA,PFHpA,4.93E+03,2.53,9.37E+02,2.62,1.00E+00
2022_NIASediment_GroupF_FieldBlank,Blank,Field,Sediment,NIA,PFHpA,0.00E+00,0,1.39E+03,2.68,1.00E+00
2022_NIASediment_GroupF_LabBlank,Blank,Lab,Sediment,NIA,PFHpA,0.00E+00,0,1.04E+03,2.65,1.00E+00
2022_NIASediment_GroupF_Sample,Sample,Field,Sediment,NIA,PFHpA,3.24E+02,2.54,7.81E+02,2.66,1.00E+00
2022_NIASediment_GroupF_Spike,Spike,Field,Sediment,NIA,PFHpA,9.23E+03,2.54,1.35E+03,2.63,1.00E+00
2022_NIABiota_GroupA_BlenderBlank,Blank,Blender,Biota,NIA,PFHpA,4.59E+02,2.54,7.38E+03,2.65,1.00E+00
2022_NIABiota_GroupA_Crayfish1,Sample,Mortar,Biota,NIA,PFHpA,5.08E+02,2.51,3.85E+03,2.65,1.00E+00
2022_NIABiota_GroupA_Crayfish2,Sample,Mortar,Biota,NIA,PFHpA,6.06E+02,2.51,4.63E+03,2.63,1.00E+00
2022_NIABiota_GroupA_MortarBlank,Blank,Mortar,Biota,NIA,PFHpA,9.32E+03,2.54,6.39E+03,2.65,1.00E+00
2022_NIABiota_GroupA_MortarSpike,Spike,Mortar,Biota,NIA,PFHpA,1.68E+03,2.45,5.61E+03,2.64,1.00E+00
2022_NIABiota_GroupA_Sunfish1,Sample,Blender,Biota,NIA,PFHpA,1.01E+03,2.59,4.42E+03,2.64,1.00E+00
2022_NIABiota_GroupA_Sunfish2,Sample,Blender,Biota,NIA,PFHpA,4.34E+04,2.52,7.14E+03,2.65,1.00E+00
2022_NIABiota_GroupB_BlenderBlank,Blank,Blender,Biota,NIA,PFHpA,8.59E+02,2.58,8.61E+03,2.63,1.00E+00
2022_NIABiota_GroupB_BlenderSpike,Spike,Blender,Biota,NIA,PFHpA,3.57E+02,2.51,3.40E+03,2.64,1.00E+00
2022_NIABiota_GroupB_HomogenizerBlank,Blank,Homogenizer,Biota,NIA,PFHpA,6.89E+02,2.53,4.80E+03,2.66,1.00E+00
2022_NIABiota_GroupB_HomogenizerSpike,Spike,Homogenizer,Biota,NIA,PFHpA,1.24E+04,2.54,2.77E+03,2.66,1.00E+00
2022_NIABiota_GroupB_Spider1,Sample,Homogenizer,Biota,NIA,PFHpA,9.99E+02,2.52,8.37E+03,2.63,1.00E+00
2022_NIABiota_GroupB_Spider2,Sample,Homogenizer,Biota,NIA,PFHpA,1.27E+03,2.49,1.05E+04,2.66,1.00E+00
2022_NIABiota_GroupB_Sunfish1,Sample,Blender,Biota,NIA,PFHpA,6.20E+02,2.55,6.29E+03,2.67,1.00E+00
2022_NIABiota_GroupB_Sunfish2,Sample,Blender,Biota,NIA,PFHpA,5.46E+04,2.54,7.68E+03,2.62,1.00E+00
2022_NIABiota_GroupC_BlenderBlank,Blank,Blender,Biota,NIA,PFHpA,0.00E+00,0,5.54E+03,2.64,1.00E+00
2022_NIABiota_GroupC_BlenderSpike,Spike,Blender,Biota,NIA,PFHpA,7.45E+02,2.69,2.46E+03,2.67,1.00E+00
2022_NIABiota_GroupC_Catfish1,Sample,Blender,Biota,NIA,PFHpA,0.00E+00,0,1.08E+03,2.66,1.00E+00
2022_NIABiota_GroupC_Catfish2,Sample,Blender,Biota,NIA,PFHpA,1.40E+04,2.53,1.09E+03,2.67,1.00E+00
2022_NIABiota_GroupC_HomogenizerBlank,Blank,Homogenizer,Biota,NIA,PFHpA,0.00E+00,0,3.66E+03,2.65,1.00E+00
2022_NIABiota_GroupC_HomogenizerSpike,Spike,Homogenizer,Biota,NIA,PFHpA,0.00E+00,0,1.81E+03,2.64,1.00E+00
2022_NIABiota_GroupC_Shrimp1,Sample,Homogenizer,Biota,NIA,PFHpA,2.36E+02,2.68,2.26E+03,2.65,1.00E+00
2022_NIABiota_GroupC_Shrimp2,Sample,Homogenizer,Biota,NIA,PFHpA,1.00E+04,2.54,2.90E+03,2.66,1.00E+00
2022_NIABiota_GroupD_Crayfish1,Sample,Mortar,Biota,NIA,PFHpA,1.06E+03,2.55,6.78E+03,2.64,1.00E+00
2022_NIABiota_GroupD_Crayfish2,Sample,Mortar,Biota,NIA,PFHpA,9.93E+02,2.59,3.79E+03,2.64,1.00E+00
2022_NIABiota_GroupD_MortarBlank,Blank,Mortar,Biota,NIA,PFHpA,6.11E+02,2.57,3.20E+03,2.63,1.00E+00
2022_NIABiota_GroupD_MortarSpike,Spike,Mortar,Biota,NIA,PFHpA,3.63E+04,2.5,6.92E+03,2.64,1.00E+00
2022_NIABiota_GroupE_BlenderBlank,Blank,Blender,Biota,NIA,PFHpA,1.10E+03,2.52,9.21E+03,2.65,1.00E+00
2022_NIABiota_GroupE_Catfish,Sample,Blender,Biota,NIA,PFHpA,5.04E+02,2.54,3.43E+03,2.67,1.00E+00
2022_NIABiota_GroupE_MortarBlank,Blank,Mortar,Biota,NIA,PFHpA,1.13E+03,2.51,8.01E+03,2.63,1.00E+00
2022_NIABiota_GroupE_MortarSpike,Spike,Mortar,Biota,NIA,PFHpA,1.74E+02,2.55,1.62E+03,2.67,1.00E+00
2022_NIABiota_GroupE_Snail,Sample,Mortar,Biota,NIA,PFHpA,1.33E+04,2.55,5.60E+03,2.64,1.00E+00
2022_NIABiota_GroupF_BlenderBlank,Blank,Blender,Biota,NIA,PFHpA,6.84E+02,2.63,5.42E+03,2.65,1.00E+00
2022_NIABiota_GroupF_BlenderSpike,Spike,Blender,Biota,NIA,PFHpA,5.14E+02,2.55,5.62E+03,2.64,1.00E+00
2022_NIABiota_GroupF_LargeSunfish1,Sample,Blender,Biota,NIA,PFHpA,6.88E+02,2.54,4.89E+03,2.66,1.00E+00
2022_NIABiota_GroupF_LargeSunfish2,Sample,Blender,Biota,NIA,PFHpA,5.39E+02,2.59,4.83E+03,2.66,1.00E+00
2022_NIABiota_GroupF_LargeSunfish3,Sample,Blender,Biota,NIA,PFHpA,1.42E+04,2.54,6.01E+03,2.67,1.00E+00
2022_NIABiota_GroupF_MortarBlank,Blank,Mortar,Biota,NIA,PFHpA,0.00E+00,0,2.01E+03,2.64,1.00E+00
2022_NIABiota_GroupF_MortarSpike,Spike,Mortar,Biota,NIA,PFHpA,2.47E+02,2.57,4.68E+03,2.64,1.00E+00
2022_NIABiota_GroupF_Snail1,Sample,Mortar,Biota,NIA,PFHpA,0.00E+00,0,4.00E+03,2.65,1.00E+00
2022_NIABiota_GroupF_Snail2,Sample,Mortar,Biota,NIA,PFHpA,1.03E+04,2.55,2.26E+03,2.67,1.00E+00
2021_20MCSediment_GroupG_Sample1,Sample,Field,Sediment,20MC,PFHpA,1898.896901,2.55,3000,2.65,1.00E+00
2021_20MCSediment_GroupG_Sample2,Sample,Field,Sediment,20MC,PFHpA,1368.185213,2.55,3000,2.65,1.00E+00
2021_20MCSediment_GroupG_Sample3,Sample,Field,Sediment,20MC,PFHpA,1457.179082,2.55,3000,2.65,1.00E+00
2021_20MCSediment_GroupG_Spike,Spike,Field,Sediment,20MC,PFHpA,170799.1038,2.55,3000,2.65,1.00E+00
2021_20MCSediment_GroupG_LabBlank,Blank,Lab,Sediment,20MC,PFHpA,702.0164302,2.55,3000,2.65,1.00E+00
2021_20MCSediment_GroupG_FieldBlank,Blank,Field,Sediment,20MC,PFHpA,3607.34321,2.55,3000,2.65,1.00E+00
2021_20MCSediment_GroupH_Sample1,Sample,Field,Sediment,20MC,PFHpA,2143.164279,2.55,3000,2.65,1.00E+00
2021_20MCSediment_GroupH_Sample2,Sample,Field,Sediment,20MC,PFHpA,1233.501694,2.55,3000,2.65,1.00E+00
2021_20MCSediment_GroupH_Sample3,Sample,Field,Sediment,20MC,PFHpA,1857.404538,2.55,3000,2.65,1.00E+00
2021_20MCSediment_GroupH_Spike,Spike,Field,Sediment,20MC,PFHpA,65911.54261,2.55,3000,2.65,1.00E+00
2021_20MCSediment_GroupH_LabBlank,Blank,Lab,Sediment,20MC,PFHpA,819.3438755,2.55,3000,2.65,1.00E+00
2021_20MCSediment_GroupH_FieldBlank,Blank,Field,Sediment,20MC,PFHpA,757.1479748,2.55,3000,2.65,1.00E+00
2021_20MCSediment_GroupI_Sample1,Sample,Field,Sediment,20MC,PFHpA,1535.28918,2.55,3000,2.65,1.00E+00
2021_20MCSediment_GroupI_Sample2,Sample,Field,Sediment,20MC,PFHpA,847.7628038,2.55,3000,2.65,1.00E+00
2021_20MCSediment_GroupI_Sample3,Sample,Field,Sediment,20MC,PFHpA,665.6866817,2.55,3000,2.65,1.00E+00
2021_20MCSediment_GroupI_Spike,Spike,Field,Sediment,20MC,PFHpA,167757.4852,2.55,3000,2.65,1.00E+00
2021_20MCSediment_GroupI_LabBlank,Blank,Lab,Sediment,20MC,PFHpA,8529.468323,2.55,3000,2.65,1.00E+00
2021_20MCSediment_GroupI_FieldBlank,Blank,Field,Sediment,20MC,PFHpA,2347.921765,2.55,3000,2.65,1.00E+00
2021_20MCBiota_GroupG_MortarSpike,Spike,Mortar,Biota,20MC,PFHpA,36963.63625,2.55,3000,2.65,1.00E+00
2021_20MCBiota_GroupG_MortarBlank,Blank,Mortar,Biota,20MC,PFHpA,787.5081971,2.55,3000,2.65,1.00E+00
2021_20MCBiota_GroupG_BlenderBlank,Blank,Blender,Biota,20MC,PFHpA,319.0145585,2.55,3000,2.65,1.00E+00
2021_20MCBiota_GroupG_Crayfish1,Sample,Mortar,Biota,20MC,PFHpA,367.385978,2.55,3000,2.65,1.00E+00
2021_20MCBiota_GroupG_Crayfish2,Sample,Mortar,Biota,20MC,PFHpA,965.1699762,2.55,3000,2.65,1.00E+00
2021_20MCBiota_GroupG_Catfish1,Sample,Blender,Biota,20MC,PFHpA,570.3034829,2.55,3000,2.65,1.00E+00
2021_20MCBiota_GroupG_Catfish2,Sample,Blender,Biota,20MC,PFHpA,2341.028623,2.55,3000,2.65,1.00E+00
2021_20MCBiota_GroupG_HardshellBug,Sample,Mortar,Biota,20MC,PFHpA,430.1594002,2.55,3000,2.65,1.00E+00
2021_20MCBiota_GroupH_MortarSpike,Spike,Mortar,Biota,20MC,PFHpA,37935.11722,2.55,3000,2.65,1.00E+00
2021_20MCBiota_GroupH_MortarBlank,Blank,Mortar,Biota,20MC,PFHpA,438.4427408,2.55,3000,2.65,1.00E+00
2021_20MCBiota_GroupH_BlenderBlank,Blank,Blender,Biota,20MC,PFHpA,319.0145585,2.55,3000,2.65,1.00E+00
2021_20MCBiota_GroupH_HardshellBug1,Sample,Mortar,Biota,20MC,PFHpA,159.6032041,2.55,3000,2.65,1.00E+00
2021_20MCBiota_GroupH_HardshellBug2,Sample,Mortar,Biota,20MC,PFHpA,328.2956925,2.55,3000,2.65,1.00E+00
2021_20MCBiota_GroupH_Crayfish1,Sample,Mortar,Biota,20MC,PFHpA,722.9956446,2.55,3000,2.65,1.00E+00
2021_20MCBiota_GroupH_Crayfish2,Sample,Mortar,Biota,20MC,PFHpA,1524.914462,2.55,3000,2.65,1.00E+00
2021_20MCBiota_GroupH_Catfish,Sample,Blender,Biota,20MC,PFHpA,1468.936874,2.55,3000,2.65,1.00E+00
2021_20MCBiota_GroupI_MortarSpike,Spike,Mortar,Biota,20MC,PFHpA,27969.06252,2.55,3000,2.65,1.00E+00
2021_20MCBiota_GroupI_MortarBlank,Blank,Mortar,Biota,20MC,PFHpA,1523.942823,2.55,3000,2.65,1.00E+00
2021_20MCBiota_GroupI_BlenderBlank,Blank,Blender,Biota,20MC,PFHpA,319.0145585,2.55,3000,2.65,1.00E+00
2021_20MCBiota_GroupI_Crayfish,Sample,Mortar,Biota,20MC,PFHpA,2909.212076,2.55,3000,2.65,1.00E+00
2021_20MCBiota_GroupI_Sunfish,Sample,Blender,Biota,20MC,PFHpA,482.0295865,2.55,3000,2.65,1.00E+00
2021_20MCBiota_GroupI_Catfish,Sample,Blender,Biota,20MC,PFHpA,937.008704,2.55,3000,2.65,1.00E+00
2021_20MCBiota_GroupI_Nymph,Sample,Mortar,Biota,20MC,PFHpA,875.1509016,2.55,3000,2.65,1.00E+00
2021_20MCBiota_GroupI_Slug,Sample,Blender,Biota,20MC,PFHpA,281.1507882,2.55,3000,2.65,1.00E+00
2021_20MCBiota_GroupI_Beetle1,Sample,Mortar,Biota,20MC,PFHpA,750.1245999,2.55,3000,2.65,1.00E+00
2021_20MCBiota_GroupI_Beetle2,Sample,Mortar,Biota,20MC,PFHpA,492.1561241,2.55,3000,2.65,1.00E+00
0 ng/mL,Calibration Curve,Lab,N/A,N/A,PFOA,0.00E+00,2.62,1.32E+05,2.6,1.00E+00
0.2 ng/mL,Calibration Curve,Lab,N/A,N/A,PFOA,2.43E+05,2.62,1.05E+05,2.6,1.00E+00
0.4 ng/mL,Calibration Curve,Lab,N/A,N/A,PFOA,3.89E+05,2.63,1.08E+05,2.6,1.00E+00
1 ng/mL,Calibration Curve,Lab,N/A,N/A,PFOA,8.10E+05,2.63,1.20E+05,2.61,1.00E+00
2 ng/mL,Calibration Curve,Lab,N/A,N/A,PFOA,1.28E+06,2.63,1.17E+05,2.61,1.00E+00
4 ng/mL,Calibration Curve,Lab,N/A,N/A,PFOA,1.29E+06,2.63,1.19E+05,2.62,1.00E+00
10 ng/mL,Calibration Curve,Lab,N/A,N/A,PFOA,1.86E+06,2.62,1.08E+05,2.62,1.00E+00
20 ng/mL,Calibration Curve,Lab,N/A,N/A,PFOA,2.46E+06,2.62,9.58E+04,2.62,1.00E+00
40 ng/mL,Calibration Curve,Lab,N/A,N/A,PFOA,3.75E+06,2.63,8.20E+04,2.61,1.00E+00
100 ng/mL,Calibration Curve,Lab,N/A,N/A,PFOA,5.89E+06,2.63,6.88E+04,2.62,1.00E+00
2022_20MCWater_FieldBlank,Blank,Field,Water,20MC,PFOA,5.71E+05,2.64,5.46E+04,2.61,1.00E+00
2022_20MCWater_FieldSpike1,Spike,Field,Water,20MC,PFOA,3.28E+05,2.64,6.21E+04,2.62,1.00E+00
2022_20MCWater_FieldSpike2,Spike,Field,Water,20MC,PFOA,5.09E+05,2.64,4.73E+04,2.63,1.00E+00
2022_20MCWater_LabBlank,Blank,Lab,Water,20MC,PFOA,3.25E+05,2.64,3.08E+04,2.64,1.00E+00
2022_20MCWater_Sample1,Sample,Field,Water,20MC,PFOA,4.66E+05,2.64,3.92E+04,2.63,1.00E+00
2022_20MCWater_Sample2,Sample,Field,Water,20MC,PFOA,4.31E+05,2.65,3.88E+04,2.63,1.00E+00
2022_20MCWater_Sample3,Sample,Field,Water,20MC,PFOA,5.33E+05,2.64,4.52E+04,2.62,1.00E+00
2022_20MCWater_Sample4,Sample,Field,Water,20MC,PFOA,4.76E+05,2.63,4.04E+04,2.64,1.00E+00
2022_NIAWater_FieldBlank1,Blank,Field,Water,NIA,PFOA,3.94E+05,2.64,3.68E+04,2.62,1.00E+00
2022_NIAWater_FieldBlank2,Blank,Field,Water,NIA,PFOA,4.28E+05,2.65,3.98E+04,2.62,1.00E+00
2022_NIAWater_FieldSpike1,Spike,Field,Water,NIA,PFOA,3.09E+05,2.64,4.70E+04,2.65,1.00E+00
2022_NIAWater_FieldSpike2,Spike,Field,Water,NIA,PFOA,2.84E+05,2.6,3.47E+04,2.57,1.00E+00
2022_NIAWater_LabBlank,Blank,Lab,Water,NIA,PFOA,2.88E+05,2.57,2.73E+04,2.56,1.00E+00
2022_NIAWater_Sample1,Sample,Field,Water,NIA,PFOA,4.19E+05,2.53,3.00E+04,2.54,1.00E+00
2022_NIAWater_Sample2,Sample,Field,Water,NIA,PFOA,3.74E+05,2.64,3.10E+04,2.65,1.00E+00
2022_NIAWater_Sample3,Sample,Field,Water,NIA,PFOA,3.84E+05,2.63,3.29E+04,2.62,1.00E+00
2022_NIASediment_GroupA_FieldBlank,Blank,Field,Sediment,NIA,PFOA,8.05E+04,2.67,5.80E+03,2.62,1.00E+00
2022_NIASediment_GroupA_LabBlank,Blank,Lab,Sediment,NIA,PFOA,7.80E+04,2.62,7.96E+03,2.65,1.00E+00
2022_NIASediment_GroupA_Sample,Sample,Field,Sediment,NIA,PFOA,6.12E+04,2.66,7.25E+03,2.61,1.00E+00
2022_NIASediment_GroupA_Spike,Spike,Field,Sediment,NIA,PFOA,6.85E+04,2.64,3.39E+03,2.61,1.00E+00
2022_NIASediment_GroupB_FieldBlank,Blank,Field,Sediment,NIA,PFOA,3.75E+04,2.65,3.55E+03,2.66,1.00E+00
2022_NIASediment_GroupB_LabBlank,Blank,Lab,Sediment,NIA,PFOA,3.47E+04,2.65,2.12E+03,2.63,1.00E+00
2022_NIASediment_GroupB_Sample,Sample,Field,Sediment,NIA,PFOA,2.73E+04,2.65,2.11E+03,2.63,1.00E+00
2022_NIASediment_GroupB_Spike,Spike,Field,Sediment,NIA,PFOA,3.23E+04,2.62,1.91E+03,2.63,1.00E+00
2022_NIASediment_GroupE_FieldBlank,Blank,Field,Sediment,NIA,PFOA,1.99E+04,2.65,3.36E+03,2.61,1.00E+00
2022_NIASediment_GroupE_LabBlank,Blank,Lab,Sediment,NIA,PFOA,1.85E+04,2.66,9.76E+02,2.64,1.00E+00
2022_NIASediment_GroupE_Sample,Sample,Field,Sediment,NIA,PFOA,1.65E+04,2.66,1.42E+03,2.65,1.00E+00
2022_NIASediment_GroupE_Spike,Spike,Field,Sediment,NIA,PFOA,2.16E+04,2.66,9.37E+02,2.62,1.00E+00
2022_NIASediment_GroupF_FieldBlank,Blank,Field,Sediment,NIA,PFOA,2.63E+04,2.65,1.39E+03,2.68,1.00E+00
2022_NIASediment_GroupF_LabBlank,Blank,Lab,Sediment,NIA,PFOA,2.18E+04,2.67,1.04E+03,2.65,1.00E+00
2022_NIASediment_GroupF_Sample,Sample,Field,Sediment,NIA,PFOA,1.99E+04,2.65,7.81E+02,2.66,1.00E+00
2022_NIASediment_GroupF_Spike,Spike,Field,Sediment,NIA,PFOA,3.05E+04,2.66,1.35E+03,2.63,1.00E+00
2022_NIABiota_GroupA_BlenderBlank,Blank,Blender,Biota,NIA,PFOA,7.66E+04,2.66,7.38E+03,2.65,1.00E+00
2022_NIABiota_GroupA_Crayfish1,Sample,Mortar,Biota,NIA,PFOA,5.05E+04,2.67,3.85E+03,2.65,1.00E+00
2022_NIABiota_GroupA_Crayfish2,Sample,Mortar,Biota,NIA,PFOA,4.92E+04,2.67,4.63E+03,2.63,1.00E+00
2022_NIABiota_GroupA_MortarBlank,Blank,Mortar,Biota,NIA,PFOA,8.54E+04,2.65,6.39E+03,2.65,1.00E+00
2022_NIABiota_GroupA_MortarSpike,Spike,Mortar,Biota,NIA,PFOA,5.98E+04,2.65,5.61E+03,2.64,1.00E+00
2022_NIABiota_GroupA_Sunfish1,Sample,Blender,Biota,NIA,PFOA,4.70E+04,2.68,4.42E+03,2.64,1.00E+00
2022_NIABiota_GroupA_Sunfish2,Sample,Blender,Biota,NIA,PFOA,8.93E+04,2.64,7.14E+03,2.65,1.00E+00
2022_NIABiota_GroupB_BlenderBlank,Blank,Blender,Biota,NIA,PFOA,6.43E+04,2.67,8.61E+03,2.63,1.00E+00
2022_NIABiota_GroupB_BlenderSpike,Spike,Blender,Biota,NIA,PFOA,5.21E+04,2.66,3.40E+03,2.64,1.00E+00
2022_NIABiota_GroupB_HomogenizerBlank,Blank,Homogenizer,Biota,NIA,PFOA,5.49E+04,2.67,4.80E+03,2.66,1.00E+00
2022_NIABiota_GroupB_HomogenizerSpike,Spike,Homogenizer,Biota,NIA,PFOA,5.70E+04,2.65,2.77E+03,2.66,1.00E+00
2022_NIABiota_GroupB_Spider1,Sample,Homogenizer,Biota,NIA,PFOA,6.30E+04,2.67,8.37E+03,2.63,1.00E+00
2022_NIABiota_GroupB_Spider2,Sample,Homogenizer,Biota,NIA,PFOA,8.29E+04,2.65,1.05E+04,2.66,1.00E+00
2022_NIABiota_GroupB_Sunfish1,Sample,Blender,Biota,NIA,PFOA,7.77E+04,2.66,6.29E+03,2.67,1.00E+00
2022_NIABiota_GroupB_Sunfish2,Sample,Blender,Biota,NIA,PFOA,1.19E+05,2.66,7.68E+03,2.62,1.00E+00
2022_NIABiota_GroupC_BlenderBlank,Blank,Blender,Biota,NIA,PFOA,7.09E+04,2.65,5.54E+03,2.64,1.00E+00
2022_NIABiota_GroupC_BlenderSpike,Spike,Blender,Biota,NIA,PFOA,3.10E+04,2.67,2.46E+03,2.67,1.00E+00
2022_NIABiota_GroupC_Catfish1,Sample,Blender,Biota,NIA,PFOA,1.70E+04,2.64,1.08E+03,2.66,1.00E+00
2022_NIABiota_GroupC_Catfish2,Sample,Blender,Biota,NIA,PFOA,3.44E+04,2.64,1.09E+03,2.67,1.00E+00
2022_NIABiota_GroupC_HomogenizerBlank,Blank,Homogenizer,Biota,NIA,PFOA,4.72E+04,2.66,3.66E+03,2.65,1.00E+00
2022_NIABiota_GroupC_HomogenizerSpike,Spike,Homogenizer,Biota,NIA,PFOA,2.06E+04,2.65,1.81E+03,2.64,1.00E+00
2022_NIABiota_GroupC_Shrimp1,Sample,Homogenizer,Biota,NIA,PFOA,2.87E+04,2.66,2.26E+03,2.65,1.00E+00
2022_NIABiota_GroupC_Shrimp2,Sample,Homogenizer,Biota,NIA,PFOA,4.50E+04,2.67,2.90E+03,2.66,1.00E+00
2022_NIABiota_GroupD_Crayfish1,Sample,Mortar,Biota,NIA,PFOA,6.53E+04,2.66,6.78E+03,2.64,1.00E+00
2022_NIABiota_GroupD_Crayfish2,Sample,Mortar,Biota,NIA,PFOA,3.30E+04,2.68,3.79E+03,2.64,1.00E+00
2022_NIABiota_GroupD_MortarBlank,Blank,Mortar,Biota,NIA,PFOA,5.76E+04,2.66,3.20E+03,2.63,1.00E+00
2022_NIABiota_GroupD_MortarSpike,Spike,Mortar,Biota,NIA,PFOA,1.20E+05,2.65,6.92E+03,2.64,1.00E+00
2022_NIABiota_GroupE_BlenderBlank,Blank,Blender,Biota,NIA,PFOA,5.52E+04,2.63,9.21E+03,2.65,1.00E+00
2022_NIABiota_GroupE_Catfish,Sample,Blender,Biota,NIA,PFOA,4.02E+04,2.66,3.43E+03,2.67,1.00E+00
2022_NIABiota_GroupE_MortarBlank,Blank,Mortar,Biota,NIA,PFOA,5.10E+04,2.64,8.01E+03,2.63,1.00E+00
2022_NIABiota_GroupE_MortarSpike,Spike,Mortar,Biota,NIA,PFOA,2.40E+04,2.65,1.62E+03,2.67,1.00E+00
2022_NIABiota_GroupE_Snail,Sample,Mortar,Biota,NIA,PFOA,5.57E+04,2.66,5.60E+03,2.64,1.00E+00
2022_NIABiota_GroupF_BlenderBlank,Blank,Blender,Biota,NIA,PFOA,8.22E+04,2.67,5.42E+03,2.65,1.00E+00
2022_NIABiota_GroupF_BlenderSpike,Spike,Blender,Biota,NIA,PFOA,4.81E+04,2.69,5.62E+03,2.64,1.00E+00
2022_NIABiota_GroupF_LargeSunfish1,Sample,Blender,Biota,NIA,PFOA,6.33E+04,2.65,4.89E+03,2.66,1.00E+00
2022_NIABiota_GroupF_LargeSunfish2,Sample,Blender,Biota,NIA,PFOA,5.09E+04,2.67,4.83E+03,2.66,1.00E+00
2022_NIABiota_GroupF_LargeSunfish3,Sample,Blender,Biota,NIA,PFOA,8.00E+04,2.65,6.01E+03,2.67,1.00E+00
2022_NIABiota_GroupF_MortarBlank,Blank,Mortar,Biota,NIA,PFOA,1.68E+04,2.67,2.01E+03,2.64,1.00E+00
2022_NIABiota_GroupF_MortarSpike,Spike,Mortar,Biota,NIA,PFOA,5.90E+04,2.65,4.68E+03,2.64,1.00E+00
2022_NIABiota_GroupF_Snail1,Sample,Mortar,Biota,NIA,PFOA,4.11E+04,2.67,4.00E+03,2.65,1.00E+00
2022_NIABiota_GroupF_Snail2,Sample,Mortar,Biota,NIA,PFOA,3.73E+04,2.63,2.26E+03,2.67,1.00E+00
2021_20MCSediment_GroupG_Sample1,Sample,Field,Sediment,20MC,PFOA,3122.565128,2.65,3000,2.65,1.00E+00
2021_20MCSediment_GroupG_Sample2,Sample,Field,Sediment,20MC,PFOA,1614.012821,2.65,3000,2.65,1.00E+00
2021_20MCSediment_GroupG_Sample3,Sample,Field,Sediment,20MC,PFOA,1210.850127,2.65,3000,2.65,1.00E+00
2021_20MCSediment_GroupG_Spike,Spike,Field,Sediment,20MC,PFOA,138159.3008,2.65,3000,2.65,1.00E+00
2021_20MCSediment_GroupG_LabBlank,Blank,Lab,Sediment,20MC,PFOA,7806.525047,2.65,3000,2.65,1.00E+00
2021_20MCSediment_GroupG_FieldBlank,Blank,Field,Sediment,20MC,PFOA,12640.76737,2.65,3000,2.65,1.00E+00
2021_20MCSediment_GroupH_Sample1,Sample,Field,Sediment,20MC,PFOA,2792.69633,2.65,3000,2.65,1.00E+00
2021_20MCSediment_GroupH_Sample2,Sample,Field,Sediment,20MC,PFOA,1374.146929,2.65,3000,2.65,1.00E+00
2021_20MCSediment_GroupH_Sample3,Sample,Field,Sediment,20MC,PFOA,1638.820685,2.65,3000,2.65,1.00E+00
2021_20MCSediment_GroupH_Spike,Spike,Field,Sediment,20MC,PFOA,153180.6503,2.65,3000,2.65,1.00E+00
2021_20MCSediment_GroupH_LabBlank,Blank,Lab,Sediment,20MC,PFOA,1060.604383,2.65,3000,2.65,1.00E+00
2021_20MCSediment_GroupH_FieldBlank,Blank,Field,Sediment,20MC,PFOA,25252.20095,2.65,3000,2.65,1.00E+00
2021_20MCSediment_GroupI_Sample1,Sample,Field,Sediment,20MC,PFOA,6594.759315,2.65,3000,2.65,1.00E+00
2021_20MCSediment_GroupI_Sample2,Sample,Field,Sediment,20MC,PFOA,5491.433616,2.65,3000,2.65,1.00E+00
2021_20MCSediment_GroupI_Sample3,Sample,Field,Sediment,20MC,PFOA,6328.400151,2.65,3000,2.65,1.00E+00
2021_20MCSediment_GroupI_Spike,Spike,Field,Sediment,20MC,PFOA,73640.97417,2.65,3000,2.65,1.00E+00
2021_20MCSediment_GroupI_LabBlank,Blank,Lab,Sediment,20MC,PFOA,1498.944025,2.65,3000,2.65,1.00E+00
2021_20MCSediment_GroupI_FieldBlank,Blank,Field,Sediment,20MC,PFOA,3093.017791,2.65,3000,2.65,1.00E+00
2021_20MCBiota_GroupG_MortarSpike,Spike,Mortar,Biota,20MC,PFOA,48479.5214,2.65,3000,2.65,1.00E+00
2021_20MCBiota_GroupG_MortarBlank,Blank,Mortar,Biota,20MC,PFOA,6705.776901,2.65,3000,2.65,1.00E+00
2021_20MCBiota_GroupG_BlenderBlank,Blank,Blender,Biota,20MC,PFOA,1013.733391,2.65,3000,2.65,1.00E+00
2021_20MCBiota_GroupG_Crayfish1,Sample,Mortar,Biota,20MC,PFOA,1716.875489,2.65,3000,2.65,1.00E+00
2021_20MCBiota_GroupG_Crayfish2,Sample,Mortar,Biota,20MC,PFOA,9895.662071,2.65,3000,2.65,1.00E+00
2021_20MCBiota_GroupG_Catfish1,Sample,Blender,Biota,20MC,PFOA,4810.116419,2.65,3000,2.65,1.00E+00
2021_20MCBiota_GroupG_Catfish2,Sample,Blender,Biota,20MC,PFOA,8865.792648,2.65,3000,2.65,1.00E+00
2021_20MCBiota_GroupG_HardshellBug,Sample,Mortar,Biota,20MC,PFOA,4635.575027,2.65,3000,2.65,1.00E+00
2021_20MCBiota_GroupH_MortarSpike,Spike,Mortar,Biota,20MC,PFOA,48479.5214,2.65,3000,2.65,1.00E+00
2021_20MCBiota_GroupH_MortarBlank,Blank,Mortar,Biota,20MC,PFOA,7653.003875,2.65,3000,2.65,1.00E+00
2021_20MCBiota_GroupH_BlenderBlank,Blank,Blender,Biota,20MC,PFOA,1031.079788,2.65,3000,2.65,1.00E+00
2021_20MCBiota_GroupH_HardshellBug1,Sample,Mortar,Biota,20MC,PFOA,4449.722054,2.65,3000,2.65,1.00E+00
2021_20MCBiota_GroupH_HardshellBug2,Sample,Mortar,Biota,20MC,PFOA,1958.233975,2.65,3000,2.65,1.00E+00
2021_20MCBiota_GroupH_Crayfish1,Sample,Mortar,Biota,20MC,PFOA,1768.703757,2.65,3000,2.65,1.00E+00
2021_20MCBiota_GroupH_Crayfish2,Sample,Mortar,Biota,20MC,PFOA,4055.262192,2.65,3000,2.65,1.00E+00
2021_20MCBiota_GroupH_Catfish,Sample,Blender,Biota,20MC,PFOA,13872.19727,2.65,3000,2.65,1.00E+00
2021_20MCBiota_GroupI_MortarSpike,Spike,Mortar,Biota,20MC,PFOA,41632.33157,2.65,3000,2.65,1.00E+00
2021_20MCBiota_GroupI_MortarBlank,Blank,Mortar,Biota,20MC,PFOA,3934.235977,2.65,3000,2.65,1.00E+00
2021_20MCBiota_GroupI_BlenderBlank,Blank,Blender,Biota,20MC,PFOA,1031.079788,2.65,3000,2.65,1.00E+00
2021_20MCBiota_GroupI_Crayfish,Sample,Mortar,Biota,20MC,PFOA,16569.24515,2.65,3000,2.65,1.00E+00
2021_20MCBiota_GroupI_Sunfish,Sample,Blender,Biota,20MC,PFOA,1031.079788,2.65,3000,2.65,1.00E+00
2021_20MCBiota_GroupI_Catfish,Sample,Blender,Biota,20MC,PFOA,4711.437151,2.65,3000,2.65,1.00E+00
2021_20MCBiota_GroupI_Nymph,Sample,Mortar,Biota,20MC,PFOA,8865.556845,2.65,3000,2.65,1.00E+00
2021_20MCBiota_GroupI_Slug,Sample,Blender,Biota,20MC,PFOA,8659.959116,2.65,3000,2.65,1.00E+00
2021_20MCBiota_GroupI_Beetle1,Sample,Mortar,Biota,20MC,PFOA,5900.461414,2.65,3000,2.65,1.00E+00
2021_20MCBiota_GroupI_Beetle2,Sample,Mortar,Biota,20MC,PFOA,10199.2897,2.65,3000,2.65,1.00E+00
0 ng/mL,Calibration Curve,Lab,N/A,N/A,PFNA,0.00E+00,2.74,1.40E+05,2.74,1.00E+00
0.2 ng/mL,Calibration Curve,Lab,N/A,N/A,PFNA,3.90E+04,2.75,1.11E+05,2.74,1.00E+00
0.4 ng/mL,Calibration Curve,Lab,N/A,N/A,PFNA,5.89E+04,2.74,1.08E+05,2.75,1.00E+00
1 ng/mL,Calibration Curve,Lab,N/A,N/A,PFNA,1.09E+05,2.75,1.07E+05,2.73,1.00E+00
2 ng/mL,Calibration Curve,Lab,N/A,N/A,PFNA,1.85E+05,2.75,8.08E+04,2.73,1.00E+00
4 ng/mL,Calibration Curve,Lab,N/A,N/A,PFNA,3.26E+05,2.74,7.76E+04,2.74,1.00E+00
10 ng/mL,Calibration Curve,Lab,N/A,N/A,PFNA,6.36E+05,2.76,7.80E+04,2.74,1.00E+00
20 ng/mL,Calibration Curve,Lab,N/A,N/A,PFNA,1.26E+06,2.75,6.26E+04,2.74,1.00E+00
40 ng/mL,Calibration Curve,Lab,N/A,N/A,PFNA,2.03E+06,2.76,6.00E+04,2.75,1.00E+00
100 ng/mL,Calibration Curve,Lab,N/A,N/A,PFNA,3.75E+06,2.76,4.40E+04,2.77,1.00E+00
2022_20MCWater_FieldBlank,Blank,Field,Water,20MC,PFNA,5.94E+03,2.79,5.26E+04,2.76,1.00E+00
2022_20MCWater_FieldSpike1,Spike,Field,Water,20MC,PFNA,2.03E+04,2.76,4.49E+04,2.75,1.00E+00
2022_20MCWater_FieldSpike2,Spike,Field,Water,20MC,PFNA,2.23E+04,2.77,4.71E+04,2.76,1.00E+00
2022_20MCWater_LabBlank,Blank,Lab,Water,20MC,PFNA,5.29E+03,2.77,3.06E+04,2.79,1.00E+00
2022_20MCWater_Sample1,Sample,Field,Water,20MC,PFNA,4.28E+03,2.79,4.17E+04,2.76,1.00E+00
2022_20MCWater_Sample2,Sample,Field,Water,20MC,PFNA,3.94E+03,2.77,3.37E+04,2.76,1.00E+00
2022_20MCWater_Sample3,Sample,Field,Water,20MC,PFNA,2.45E+03,2.75,3.60E+04,2.75,1.00E+00
2022_20MCWater_Sample4,Sample,Field,Water,20MC,PFNA,2.98E+03,2.77,3.60E+04,2.77,1.00E+00
2022_NIAWater_FieldBlank1,Blank,Field,Water,NIA,PFNA,0.00E+00,0,4.21E+04,2.75,1.00E+00
2022_NIAWater_FieldBlank2,Blank,Field,Water,NIA,PFNA,1.67E+03,2.77,3.82E+04,2.76,1.00E+00
2022_NIAWater_FieldSpike1,Spike,Field,Water,NIA,PFNA,2.74E+04,2.8,3.64E+04,2.76,1.00E+00
2022_NIAWater_FieldSpike2,Spike,Field,Water,NIA,PFNA,1.05E+04,2.73,2.93E+04,2.71,1.00E+00
2022_NIAWater_LabBlank,Blank,Lab,Water,NIA,PFNA,4.00E+03,2.68,2.77E+04,2.69,1.00E+00
2022_NIAWater_Sample1,Sample,Field,Water,NIA,PFNA,1.80E+04,2.68,1.97E+04,2.68,1.00E+00
2022_NIAWater_Sample2,Sample,Field,Water,NIA,PFNA,2.22E+04,2.76,2.42E+04,2.77,1.00E+00
2022_NIAWater_Sample3,Sample,Field,Water,NIA,PFNA,2.11E+04,2.77,2.74E+04,2.76,1.00E+00
2022_NIASediment_GroupA_FieldBlank,Blank,Field,Sediment,NIA,PFNA,0.00E+00,0,7.41E+03,2.76,1.00E+00
2022_NIASediment_GroupA_LabBlank,Blank,Lab,Sediment,NIA,PFNA,0.00E+00,0,7.95E+03,2.78,1.00E+00
2022_NIASediment_GroupA_Sample,Sample,Field,Sediment,NIA,PFNA,0.00E+00,0,5.38E+03,2.8,1.00E+00
2022_NIASediment_GroupA_Spike,Spike,Field,Sediment,NIA,PFNA,2.56E+04,2.76,3.24E+03,2.77,1.00E+00
2022_NIASediment_GroupB_FieldBlank,Blank,Field,Sediment,NIA,PFNA,0.00E+00,0,3.19E+03,2.77,1.00E+00
2022_NIASediment_GroupB_LabBlank,Blank,Lab,Sediment,NIA,PFNA,0.00E+00,0,2.31E+03,2.75,1.00E+00
2022_NIASediment_GroupB_Sample,Sample,Field,Sediment,NIA,PFNA,0.00E+00,0,2.11E+03,2.79,1.00E+00
2022_NIASediment_GroupB_Spike,Spike,Field,Sediment,NIA,PFNA,1.44E+04,2.76,2.22E+03,2.76,1.00E+00
2022_NIASediment_GroupE_FieldBlank,Blank,Field,Sediment,NIA,PFNA,6.25E+01,2.84,4.40E+03,2.74,1.00E+00
2022_NIASediment_GroupE_LabBlank,Blank,Lab,Sediment,NIA,PFNA,0.00E+00,0,2.28E+03,2.75,1.00E+00
2022_NIASediment_GroupE_Sample,Sample,Field,Sediment,NIA,PFNA,1.49E+02,2.83,1.67E+03,2.78,1.00E+00
2022_NIASediment_GroupE_Spike,Spike,Field,Sediment,NIA,PFNA,6.74E+03,2.76,1.53E+03,2.71,1.00E+00
2022_NIASediment_GroupF_FieldBlank,Blank,Field,Sediment,NIA,PFNA,0.00E+00,0,1.49E+03,2.79,1.00E+00
2022_NIASediment_GroupF_LabBlank,Blank,Lab,Sediment,NIA,PFNA,0.00E+00,0,1.27E+03,2.79,1.00E+00
2022_NIASediment_GroupF_Sample,Sample,Field,Sediment,NIA,PFNA,2.20E+02,2.83,2.17E+03,2.79,1.00E+00
2022_NIASediment_GroupF_Spike,Spike,Field,Sediment,NIA,PFNA,9.06E+03,2.77,1.21E+03,2.78,1.00E+00
2022_NIABiota_GroupA_BlenderBlank,Blank,Blender,Biota,NIA,PFNA,0.00E+00,0,5.68E+03,2.78,1.00E+00
2022_NIABiota_GroupA_Crayfish1,Sample,Mortar,Biota,NIA,PFNA,1.51E+03,2.79,4.20E+03,2.77,1.00E+00
2022_NIABiota_GroupA_Crayfish2,Sample,Mortar,Biota,NIA,PFNA,1.07E+03,2.78,3.14E+03,2.79,1.00E+00
2022_NIABiota_GroupA_MortarBlank,Blank,Mortar,Biota,NIA,PFNA,7.10E+02,2.82,5.95E+03,2.8,1.00E+00
2022_NIABiota_GroupA_MortarSpike,Spike,Mortar,Biota,NIA,PFNA,1.16E+03,2.78,3.98E+03,2.78,1.00E+00
2022_NIABiota_GroupA_Sunfish1,Sample,Blender,Biota,NIA,PFNA,1.50E+03,2.79,4.13E+03,2.77,1.00E+00
2022_NIABiota_GroupA_Sunfish2,Sample,Blender,Biota,NIA,PFNA,1.58E+04,2.78,5.42E+03,2.82,1.00E+00
2022_NIABiota_GroupB_BlenderBlank,Blank,Blender,Biota,NIA,PFNA,0.00E+00,0,6.54E+03,2.78,1.00E+00
2022_NIABiota_GroupB_BlenderSpike,Spike,Blender,Biota,NIA,PFNA,9.53E+02,2.77,4.46E+03,2.8,1.00E+00
2022_NIABiota_GroupB_HomogenizerBlank,Blank,Homogenizer,Biota,NIA,PFNA,1.39E+03,2.79,4.83E+03,2.78,1.00E+00
2022_NIABiota_GroupB_HomogenizerSpike,Spike,Homogenizer,Biota,NIA,PFNA,2.25E+04,2.8,4.43E+03,2.8,1.00E+00
2022_NIABiota_GroupB_Spider1,Sample,Homogenizer,Biota,NIA,PFNA,0.00E+00,0,5.46E+03,2.8,1.00E+00
2022_NIABiota_GroupB_Spider2,Sample,Homogenizer,Biota,NIA,PFNA,6.30E+02,2.79,8.79E+03,2.79,1.00E+00
2022_NIABiota_GroupB_Sunfish1,Sample,Blender,Biota,NIA,PFNA,5.88E+02,2.76,7.81E+03,2.78,1.00E+00
2022_NIABiota_GroupB_Sunfish2,Sample,Blender,Biota,NIA,PFNA,4.29E+04,2.79,6.39E+03,2.79,1.00E+00
2022_NIABiota_GroupC_BlenderBlank,Blank,Blender,Biota,NIA,PFNA,0.00E+00,0,4.39E+03,2.78,1.00E+00
2022_NIABiota_GroupC_BlenderSpike,Spike,Blender,Biota,NIA,PFNA,1.64E+03,2.78,2.57E+03,2.78,1.00E+00
2022_NIABiota_GroupC_Catfish1,Sample,Blender,Biota,NIA,PFNA,1.22E+03,2.79,1.70E+03,2.79,1.00E+00
2022_NIABiota_GroupC_Catfish2,Sample,Blender,Biota,NIA,PFNA,1.29E+04,2.78,8.43E+02,2.82,1.00E+00
2022_NIABiota_GroupC_HomogenizerBlank,Blank,Homogenizer,Biota,NIA,PFNA,0.00E+00,0,2.33E+03,2.79,1.00E+00
2022_NIABiota_GroupC_HomogenizerSpike,Spike,Homogenizer,Biota,NIA,PFNA,3.37E+02,2.87,2.26E+03,2.8,1.00E+00
2022_NIABiota_GroupC_Shrimp1,Sample,Homogenizer,Biota,NIA,PFNA,1.03E+03,2.78,2.50E+03,2.77,1.00E+00
2022_NIABiota_GroupC_Shrimp2,Sample,Homogenizer,Biota,NIA,PFNA,1.65E+04,2.83,3.11E+03,2.81,1.00E+00
2022_NIABiota_GroupD_Crayfish1,Sample,Mortar,Biota,NIA,PFNA,2.83E+02,2.83,6.25E+03,2.76,1.00E+00
2022_NIABiota_GroupD_Crayfish2,Sample,Mortar,Biota,NIA,PFNA,1.77E+03,2.78,4.55E+03,2.79,1.00E+00
2022_NIABiota_GroupD_MortarBlank,Blank,Mortar,Biota,NIA,PFNA,1.79E+03,2.8,4.06E+03,2.78,1.00E+00
2022_NIABiota_GroupD_MortarSpike,Spike,Mortar,Biota,NIA,PFNA,2.10E+04,2.79,5.46E+03,2.79,1.00E+00
2022_NIABiota_GroupE_BlenderBlank,Blank,Blender,Biota,NIA,PFNA,0.00E+00,0,4.88E+03,2.76,1.00E+00
2022_NIABiota_GroupE_Catfish,Sample,Blender,Biota,NIA,PFNA,3.85E+03,2.81,3.34E+03,2.78,1.00E+00
2022_NIABiota_GroupE_MortarBlank,Blank,Mortar,Biota,NIA,PFNA,0.00E+00,0,7.57E+03,2.8,1.00E+00
2022_NIABiota_GroupE_MortarSpike,Spike,Mortar,Biota,NIA,PFNA,2.01E+03,2.79,1.70E+03,2.78,1.00E+00
2022_NIABiota_GroupE_Snail,Sample,Mortar,Biota,NIA,PFNA,9.27E+03,2.81,3.62E+03,2.79,1.00E+00
2022_NIABiota_GroupF_BlenderBlank,Blank,Blender,Biota,NIA,PFNA,4.45E+02,2.79,4.78E+03,2.79,1.00E+00
2022_NIABiota_GroupF_BlenderSpike,Spike,Blender,Biota,NIA,PFNA,6.06E+02,2.83,4.93E+03,2.78,1.00E+00
2022_NIABiota_GroupF_LargeSunfish1,Sample,Blender,Biota,NIA,PFNA,8.81E+02,2.77,5.86E+03,2.79,1.00E+00
2022_NIABiota_GroupF_LargeSunfish2,Sample,Blender,Biota,NIA,PFNA,1.51E+03,2.78,4.59E+03,2.8,1.00E+00
2022_NIABiota_GroupF_LargeSunfish3,Sample,Blender,Biota,NIA,PFNA,1.49E+04,2.77,6.21E+03,2.78,1.00E+00
2022_NIABiota_GroupF_MortarBlank,Blank,Mortar,Biota,NIA,PFNA,0.00E+00,0,1.62E+03,2.78,1.00E+00
2022_NIABiota_GroupF_MortarSpike,Spike,Mortar,Biota,NIA,PFNA,1.37E+02,2.78,4.47E+03,2.78,1.00E+00
2022_NIABiota_GroupF_Snail1,Sample,Mortar,Biota,NIA,PFNA,4.61E+02,2.8,2.85E+03,2.8,1.00E+00
2022_NIABiota_GroupF_Snail2,Sample,Mortar,Biota,NIA,PFNA,5.58E+03,2.78,1.68E+03,2.78,1.00E+00
2021_20MCSediment_GroupG_Sample1,Sample,Field,Sediment,20MC,PFNA,2920.713957,2.8,3000,2.8,1.00E+00
2021_20MCSediment_GroupG_Sample2,Sample,Field,Sediment,20MC,PFNA,1618.033684,2.8,3000,2.8,1.00E+00
2021_20MCSediment_GroupG_Sample3,Sample,Field,Sediment,20MC,PFNA,1537.126602,2.8,3000,2.8,1.00E+00
2021_20MCSediment_GroupG_Spike,Spike,Field,Sediment,20MC,PFNA,115961.997,2.8,3000,2.8,1.00E+00
2021_20MCSediment_GroupG_LabBlank,Blank,Lab,Sediment,20MC,PFNA,1436.974184,2.8,3000,2.8,1.00E+00
2021_20MCSediment_GroupG_FieldBlank,Blank,Field,Sediment,20MC,PFNA,4489.245704,2.8,3000,2.8,1.00E+00
2021_20MCSediment_GroupH_Sample1,Sample,Field,Sediment,20MC,PFNA,2518.080822,2.8,3000,2.8,1.00E+00
2021_20MCSediment_GroupH_Sample2,Sample,Field,Sediment,20MC,PFNA,1755.818224,2.8,3000,2.8,1.00E+00
2021_20MCSediment_GroupH_Sample3,Sample,Field,Sediment,20MC,PFNA,1828.27658,2.8,3000,2.8,1.00E+00
2021_20MCSediment_GroupH_Spike,Spike,Field,Sediment,20MC,PFNA,59472.84534,2.8,3000,2.8,1.00E+00
2021_20MCSediment_GroupH_LabBlank,Blank,Lab,Sediment,20MC,PFNA,1473.030143,2.8,3000,2.8,1.00E+00
2021_20MCSediment_GroupH_FieldBlank,Blank,Field,Sediment,20MC,PFNA,2174.827904,2.8,3000,2.8,1.00E+00
2021_20MCSediment_GroupI_Sample1,Sample,Field,Sediment,20MC,PFNA,2853.191649,2.8,3000,2.8,1.00E+00
2021_20MCSediment_GroupI_Sample2,Sample,Field,Sediment,20MC,PFNA,2171.664303,2.8,3000,2.8,1.00E+00
2021_20MCSediment_GroupI_Sample3,Sample,Field,Sediment,20MC,PFNA,2273.856751,2.8,3000,2.8,1.00E+00
2021_20MCSediment_GroupI_Spike,Spike,Field,Sediment,20MC,PFNA,99246.78228,2.8,3000,2.8,1.00E+00
2021_20MCSediment_GroupI_LabBlank,Blank,Lab,Sediment,20MC,PFNA,5561.332111,2.8,3000,2.8,1.00E+00
2021_20MCSediment_GroupI_FieldBlank,Blank,Field,Sediment,20MC,PFNA,3226.456117,2.8,3000,2.8,1.00E+00
2021_20MCBiota_GroupG_MortarSpike,Spike,Mortar,Biota,20MC,PFNA,39384.72318,2.8,3000,2.8,1.00E+00
2021_20MCBiota_GroupG_MortarBlank,Blank,Mortar,Biota,20MC,PFNA,1305.668128,2.8,3000,2.8,1.00E+00
2021_20MCBiota_GroupG_BlenderBlank,Blank,Blender,Biota,20MC,PFNA,681.0730253,2.8,3000,2.8,1.00E+00
2021_20MCBiota_GroupG_Crayfish1,Sample,Mortar,Biota,20MC,PFNA,939.3939394,2.8,3000,2.8,1.00E+00
2021_20MCBiota_GroupG_Crayfish2,Sample,Mortar,Biota,20MC,PFNA,2179.619764,2.8,3000,2.8,1.00E+00
2021_20MCBiota_GroupG_Catfish1,Sample,Blender,Biota,20MC,PFNA,1228.424333,2.8,3000,2.8,1.00E+00
2021_20MCBiota_GroupG_Catfish2,Sample,Blender,Biota,20MC,PFNA,2645.57648,2.8,3000,2.8,1.00E+00
2021_20MCBiota_GroupG_HardshellBug,Sample,Mortar,Biota,20MC,PFNA,1076.670975,2.8,3000,2.8,1.00E+00
2021_20MCBiota_GroupH_MortarSpike,Spike,Mortar,Biota,20MC,PFNA,4027.092494,2.8,3000,2.8,1.00E+00
2021_20MCBiota_GroupH_MortarBlank,Blank,Mortar,Biota,20MC,PFNA,1190.831491,2.8,3000,2.8,1.00E+00
2021_20MCBiota_GroupH_BlenderBlank,Blank,Blender,Biota,20MC,PFNA,681.0730253,2.8,3000,2.8,1.00E+00
2021_20MCBiota_GroupH_HardshellBug1,Sample,Mortar,Biota,20MC,PFNA,905.1463169,2.8,3000,2.8,1.00E+00
2021_20MCBiota_GroupH_HardshellBug2,Sample,Mortar,Biota,20MC,PFNA,1029.934787,2.8,3000,2.8,1.00E+00
2021_20MCBiota_GroupH_Crayfish1,Sample,Mortar,Biota,20MC,PFNA,1121.049646,2.8,3000,2.8,1.00E+00
2021_20MCBiota_GroupH_Crayfish2,Sample,Mortar,Biota,20MC,PFNA,2776.973482,2.8,3000,2.8,1.00E+00
2021_20MCBiota_GroupH_Catfish,Sample,Blender,Biota,20MC,PFNA,4522.76867,2.8,3000,2.8,1.00E+00
2021_20MCBiota_GroupI_MortarSpike,Spike,Mortar,Biota,20MC,PFNA,43085.00548,2.8,3000,2.8,1.00E+00
2021_20MCBiota_GroupI_MortarBlank,Blank,Mortar,Biota,20MC,PFNA,1589.551477,2.8,3000,2.8,1.00E+00
2021_20MCBiota_GroupI_BlenderBlank,Blank,Blender,Biota,20MC,PFNA,681.0730253,2.8,3000,2.8,1.00E+00
2021_20MCBiota_GroupI_Crayfish,Sample,Mortar,Biota,20MC,PFNA,3307.024933,2.8,3000,2.8,1.00E+00
2021_20MCBiota_GroupI_Sunfish,Sample,Blender,Biota,20MC,PFNA,1231.660871,2.8,3000,2.8,1.00E+00
2021_20MCBiota_GroupI_Catfish,Sample,Blender,Biota,20MC,PFNA,1728.065046,2.8,3000,2.8,1.00E+00
2021_20MCBiota_GroupI_Nymph,Sample,Mortar,Biota,20MC,PFNA,4034.907618,2.8,3000,2.8,1.00E+00
2021_20MCBiota_GroupI_Slug,Sample,Blender,Biota,20MC,PFNA,1210.343051,2.8,3000,2.8,1.00E+00
2021_20MCBiota_GroupI_Beetle1,Sample,Mortar,Biota,20MC,PFNA,2196.22454,2.8,3000,2.8,1.00E+00
2021_20MCBiota_GroupI_Beetle2,Sample,Mortar,Biota,20MC,PFNA,1250.251593,2.8,3000,2.8,1.00E+00
0 ng/mL,Calibration Curve,Lab,N/A,N/A,PFDA,0.00E+00,2.92,1.01E+05,2.89,1.00E+00
0.2 ng/mL,Calibration Curve,Lab,N/A,N/A,PFDA,2.19E+04,2.89,8.61E+04,2.88,1.00E+00
0.4 ng/mL,Calibration Curve,Lab,N/A,N/A,PFDA,3.48E+04,2.9,7.96E+04,2.9,1.00E+00
1 ng/mL,Calibration Curve,Lab,N/A,N/A,PFDA,7.81E+04,2.89,7.56E+04,2.9,1.00E+00
2 ng/mL,Calibration Curve,Lab,N/A,N/A,PFDA,1.14E+05,2.9,6.20E+04,2.89,1.00E+00
4 ng/mL,Calibration Curve,Lab,N/A,N/A,PFDA,1.98E+05,2.9,5.39E+04,2.91,1.00E+00
10 ng/mL,Calibration Curve,Lab,N/A,N/A,PFDA,5.05E+05,2.91,5.73E+04,2.9,1.00E+00
20 ng/mL,Calibration Curve,Lab,N/A,N/A,PFDA,7.10E+05,2.91,5.49E+04,2.9,1.00E+00
40 ng/mL,Calibration Curve,Lab,N/A,N/A,PFDA,1.24E+06,2.9,5.65E+04,2.9,1.00E+00
100 ng/mL,Calibration Curve,Lab,N/A,N/A,PFDA,3.06E+06,2.9,5.68E+04,2.9,1.00E+00
2022_20MCWater_FieldBlank,Blank,Field,Water,20MC,PFDA,2.81E+03,2.94,3.25E+04,2.92,1.00E+00
2022_20MCWater_FieldSpike1,Spike,Field,Water,20MC,PFDA,7.73E+03,2.92,2.95E+04,2.92,1.00E+00
2022_20MCWater_FieldSpike2,Spike,Field,Water,20MC,PFDA,9.87E+03,2.95,2.56E+04,2.92,1.00E+00
2022_20MCWater_LabBlank,Blank,Lab,Water,20MC,PFDA,1.06E+03,2.93,2.12E+04,2.92,1.00E+00
2022_20MCWater_Sample1,Sample,Field,Water,20MC,PFDA,5.39E+03,2.91,2.44E+04,2.92,1.00E+00
2022_20MCWater_Sample2,Sample,Field,Water,20MC,PFDA,1.06E+03,2.93,2.34E+04,2.91,1.00E+00
2022_20MCWater_Sample3,Sample,Field,Water,20MC,PFDA,9.79E+03,2.91,2.18E+04,2.91,1.00E+00
2022_20MCWater_Sample4,Sample,Field,Water,20MC,PFDA,1.69E+04,2.93,2.71E+04,2.91,1.00E+00
2022_NIAWater_FieldBlank1,Blank,Field,Water,NIA,PFDA,0.00E+00,0,2.32E+04,2.92,1.00E+00
2022_NIAWater_FieldBlank2,Blank,Field,Water,NIA,PFDA,0.00E+00,0,2.22E+04,2.93,1.00E+00
2022_NIAWater_FieldSpike1,Spike,Field,Water,NIA,PFDA,1.00E+04,2.92,2.32E+04,2.92,1.00E+00
2022_NIAWater_FieldSpike2,Spike,Field,Water,NIA,PFDA,1.10E+04,2.89,2.34E+04,2.88,1.00E+00
2022_NIAWater_LabBlank,Blank,Lab,Water,NIA,PFDA,0.00E+00,3.16,2.04E+04,2.86,1.00E+00
2022_NIAWater_Sample1,Sample,Field,Water,NIA,PFDA,1.80E+04,0,1.69E+04,2.85,1.00E+00
2022_NIAWater_Sample2,Sample,Field,Water,NIA,PFDA,1.56E+04,2.92,1.57E+04,2.91,1.00E+00
2022_NIAWater_Sample3,Sample,Field,Water,NIA,PFDA,1.82E+04,2.93,1.90E+04,2.91,1.00E+00
2022_NIASediment_GroupA_FieldBlank,Blank,Field,Sediment,NIA,PFDA,0.00E+00,0,6.05E+03,2.93,1.00E+00
2022_NIASediment_GroupA_LabBlank,Blank,Lab,Sediment,NIA,PFDA,0.00E+00,0,1.19E+04,2.93,1.00E+00
2022_NIASediment_GroupA_Sample,Sample,Field,Sediment,NIA,PFDA,1.12E+03,2.97,1.11E+04,2.92,1.00E+00
2022_NIASediment_GroupA_Spike,Spike,Field,Sediment,NIA,PFDA,3.33E+04,2.9,4.87E+03,2.93,1.00E+00
2022_NIASediment_GroupB_FieldBlank,Blank,Field,Sediment,NIA,PFDA,0.00E+00,0,5.22E+03,2.93,1.00E+00
2022_NIASediment_GroupB_LabBlank,Blank,Lab,Sediment,NIA,PFDA,0.00E+00,0,2.93E+03,2.91,1.00E+00
2022_NIASediment_GroupB_Sample,Sample,Field,Sediment,NIA,PFDA,5.63E+02,2.92,2.68E+03,2.9,1.00E+00
2022_NIASediment_GroupB_Spike,Spike,Field,Sediment,NIA,PFDA,1.73E+04,2.9,2.94E+03,2.9,1.00E+00
2022_NIASediment_GroupE_FieldBlank,Blank,Field,Sediment,NIA,PFDA,2.65E+01,2.93,3.94E+03,2.89,1.00E+00
2022_NIASediment_GroupE_LabBlank,Blank,Lab,Sediment,NIA,PFDA,0.00E+00,0,1.79E+03,2.89,1.00E+00
2022_NIASediment_GroupE_Sample,Sample,Field,Sediment,NIA,PFDA,2.01E+02,2.9,2.04E+03,2.91,1.00E+00
2022_NIASediment_GroupE_Spike,Spike,Field,Sediment,NIA,PFDA,5.61E+03,2.88,1.27E+03,2.9,1.00E+00
2022_NIASediment_GroupF_FieldBlank,Blank,Field,Sediment,NIA,PFDA,2.30E+02,2.91,3.04E+03,2.94,1.00E+00
2022_NIASediment_GroupF_LabBlank,Blank,Lab,Sediment,NIA,PFDA,0.00E+00,0,1.85E+03,2.93,1.00E+00
2022_NIASediment_GroupF_Sample,Sample,Field,Sediment,NIA,PFDA,5.67E+02,2.96,1.62E+03,2.95,1.00E+00
2022_NIASediment_GroupF_Spike,Spike,Field,Sediment,NIA,PFDA,1.23E+04,2.92,1.20E+03,2.9,1.00E+00
2022_NIABiota_GroupA_BlenderBlank,Blank,Blender,Biota,NIA,PFDA,0.00E+00,0,6.51E+03,2.93,1.00E+00
2022_NIABiota_GroupA_Crayfish1,Sample,Mortar,Biota,NIA,PFDA,9.32E+02,2.92,3.35E+03,2.94,1.00E+00
2022_NIABiota_GroupA_Crayfish2,Sample,Mortar,Biota,NIA,PFDA,6.91E+02,2.95,2.69E+03,2.94,1.00E+00
2022_NIABiota_GroupA_MortarBlank,Blank,Mortar,Biota,NIA,PFDA,1.15E+03,2.93,5.95E+03,2.92,1.00E+00
2022_NIABiota_GroupA_MortarSpike,Spike,Mortar,Biota,NIA,PFDA,7.89E+02,2.98,4.02E+03,2.91,1.00E+00
2022_NIABiota_GroupA_Sunfish1,Sample,Blender,Biota,NIA,PFDA,6.57E+02,2.93,4.45E+03,2.96,1.00E+00
2022_NIABiota_GroupA_Sunfish2,Sample,Blender,Biota,NIA,PFDA,6.40E+03,2.92,4.90E+03,2.93,1.00E+00
2022_NIABiota_GroupB_BlenderBlank,Blank,Blender,Biota,NIA,PFDA,0.00E+00,0,5.23E+03,2.94,1.00E+00
2022_NIABiota_GroupB_BlenderSpike,Spike,Blender,Biota,NIA,PFDA,2.17E+03,2.95,7.40E+03,2.94,1.00E+00
2022_NIABiota_GroupB_HomogenizerBlank,Blank,Homogenizer,Biota,NIA,PFDA,1.05E+03,2.93,5.10E+03,2.91,1.00E+00
2022_NIABiota_GroupB_HomogenizerSpike,Spike,Homogenizer,Biota,NIA,PFDA,4.09E+04,2.94,3.69E+03,2.94,1.00E+00
2022_NIABiota_GroupB_Spider1,Sample,Homogenizer,Biota,NIA,PFDA,0.00E+00,0,5.95E+03,2.92,1.00E+00
2022_NIABiota_GroupB_Spider2,Sample,Homogenizer,Biota,NIA,PFDA,3.80E+02,2.92,6.67E+03,2.93,1.00E+00
2022_NIABiota_GroupB_Sunfish1,Sample,Blender,Biota,NIA,PFDA,0.00E+00,0,5.60E+03,2.95,1.00E+00
2022_NIABiota_GroupB_Sunfish2,Sample,Blender,Biota,NIA,PFDA,4.18E+04,2.93,5.09E+03,2.94,1.00E+00
2022_NIABiota_GroupC_BlenderBlank,Blank,Blender,Biota,NIA,PFDA,0.00E+00,0,4.07E+03,2.94,1.00E+00
2022_NIABiota_GroupC_BlenderSpike,Spike,Blender,Biota,NIA,PFDA,4.00E+02,2.98,5.43E+03,2.94,1.00E+00
2022_NIABiota_GroupC_Catfish1,Sample,Blender,Biota,NIA,PFDA,5.60E+02,2.94,1.64E+03,2.95,1.00E+00
2022_NIABiota_GroupC_Catfish2,Sample,Blender,Biota,NIA,PFDA,1.32E+04,2.93,1.86E+03,2.96,1.00E+00
2022_NIABiota_GroupC_HomogenizerBlank,Blank,Homogenizer,Biota,NIA,PFDA,0.00E+00,0,2.25E+03,2.95,1.00E+00
2022_NIABiota_GroupC_HomogenizerSpike,Spike,Homogenizer,Biota,NIA,PFDA,2.20E+02,2.92,2.44E+03,2.95,1.00E+00
2022_NIABiota_GroupC_Shrimp1,Sample,Homogenizer,Biota,NIA,PFDA,1.22E+03,2.93,3.48E+03,2.96,1.00E+00
2022_NIABiota_GroupC_Shrimp2,Sample,Homogenizer,Biota,NIA,PFDA,2.58E+04,2.93,3.54E+03,2.92,1.00E+00
2022_NIABiota_GroupD_Crayfish1,Sample,Mortar,Biota,NIA,PFDA,2.83E+02,2.93,4.92E+03,2.94,1.00E+00
2022_NIABiota_GroupD_Crayfish2,Sample,Mortar,Biota,NIA,PFDA,0.00E+00,0,4.68E+03,2.92,1.00E+00
2022_NIABiota_GroupD_MortarBlank,Blank,Mortar,Biota,NIA,PFDA,2.82E+02,2.97,5.15E+03,2.93,1.00E+00
2022_NIABiota_GroupD_MortarSpike,Spike,Mortar,Biota,NIA,PFDA,1.10E+04,2.91,4.08E+03,2.93,1.00E+00
2022_NIABiota_GroupE_BlenderBlank,Blank,Blender,Biota,NIA,PFDA,0.00E+00,0,5.36E+03,2.92,1.00E+00
2022_NIABiota_GroupE_Catfish,Sample,Blender,Biota,NIA,PFDA,1.28E+03,2.94,4.52E+03,2.93,1.00E+00
2022_NIABiota_GroupE_MortarBlank,Blank,Mortar,Biota,NIA,PFDA,0.00E+00,0,5.83E+03,2.94,1.00E+00
2022_NIABiota_GroupE_MortarSpike,Spike,Mortar,Biota,NIA,PFDA,4.36E+02,2.98,1.59E+03,2.92,1.00E+00
2022_NIABiota_GroupE_Snail,Sample,Mortar,Biota,NIA,PFDA,5.21E+03,2.97,3.55E+03,2.94,1.00E+00
2022_NIABiota_GroupF_BlenderBlank,Blank,Blender,Biota,NIA,PFDA,0.00E+00,0,3.10E+03,2.93,1.00E+00
2022_NIABiota_GroupF_BlenderSpike,Spike,Blender,Biota,NIA,PFDA,6.85E+02,2.97,6.81E+03,2.94,1.00E+00
2022_NIABiota_GroupF_LargeSunfish1,Sample,Blender,Biota,NIA,PFDA,6.34E+02,2.98,6.57E+03,2.95,1.00E+00
2022_NIABiota_GroupF_LargeSunfish2,Sample,Blender,Biota,NIA,PFDA,1.01E+03,2.95,4.26E+03,2.95,1.00E+00
2022_NIABiota_GroupF_LargeSunfish3,Sample,Blender,Biota,NIA,PFDA,1.22E+04,2.95,5.97E+03,2.93,1.00E+00
2022_NIABiota_GroupF_MortarBlank,Blank,Mortar,Biota,NIA,PFDA,0.00E+00,0,3.46E+03,2.93,1.00E+00
2022_NIABiota_GroupF_MortarSpike,Spike,Mortar,Biota,NIA,PFDA,1.13E+02,2.99,3.69E+03,2.96,1.00E+00
2022_NIABiota_GroupF_Snail1,Sample,Mortar,Biota,NIA,PFDA,2.00E+02,2.97,2.12E+03,2.95,1.00E+00
2022_NIABiota_GroupF_Snail2,Sample,Mortar,Biota,NIA,PFDA,6.02E+03,2.94,3.41E+03,2.93,1.00E+00
2021_20MCSediment_GroupG_Sample1,Sample,Field,Sediment,20MC,PFDA,3381.360569,2.95,3000,2.95,1.00E+00
2021_20MCSediment_GroupG_Sample2,Sample,Field,Sediment,20MC,PFDA,2561.797139,2.95,3000,2.95,1.00E+00
2021_20MCSediment_GroupG_Sample3,Sample,Field,Sediment,20MC,PFDA,2488.301598,2.95,3000,2.95,1.00E+00
2021_20MCSediment_GroupG_Spike,Spike,Field,Sediment,20MC,PFDA,127037.6498,2.95,3000,2.95,1.00E+00
2021_20MCSediment_GroupG_LabBlank,Blank,Lab,Sediment,20MC,PFDA,1667.326504,2.95,3000,2.95,1.00E+00
2021_20MCSediment_GroupG_FieldBlank,Blank,Field,Sediment,20MC,PFDA,6902.787953,2.95,3000,2.95,1.00E+00
2021_20MCSediment_GroupH_Sample1,Sample,Field,Sediment,20MC,PFDA,2523.046031,2.95,3000,2.95,1.00E+00
2021_20MCSediment_GroupH_Sample2,Sample,Field,Sediment,20MC,PFDA,2178.92738,2.95,3000,2.95,1.00E+00
2021_20MCSediment_GroupH_Sample3,Sample,Field,Sediment,20MC,PFDA,2129.466701,2.95,3000,2.95,1.00E+00
2021_20MCSediment_GroupH_Spike,Spike,Field,Sediment,20MC,PFDA,60309.05443,2.95,3000,2.95,1.00E+00
2021_20MCSediment_GroupH_LabBlank,Blank,Lab,Sediment,20MC,PFDA,1589.50175,2.95,3000,2.95,1.00E+00
2021_20MCSediment_GroupH_FieldBlank,Blank,Field,Sediment,20MC,PFDA,2831.11988,2.95,3000,2.95,1.00E+00
2021_20MCSediment_GroupI_Sample1,Sample,Field,Sediment,20MC,PFDA,3228.159767,2.95,3000,2.95,1.00E+00
2021_20MCSediment_GroupI_Sample2,Sample,Field,Sediment,20MC,PFDA,2551.26869,2.95,3000,2.95,1.00E+00
2021_20MCSediment_GroupI_Sample3,Sample,Field,Sediment,20MC,PFDA,2210.186202,2.95,3000,2.95,1.00E+00
2021_20MCSediment_GroupI_Spike,Spike,Field,Sediment,20MC,PFDA,114276.1138,2.95,3000,2.95,1.00E+00
2021_20MCSediment_GroupI_LabBlank,Blank,Lab,Sediment,20MC,PFDA,7545.311581,2.95,3000,2.95,1.00E+00
2021_20MCSediment_GroupI_FieldBlank,Blank,Field,Sediment,20MC,PFDA,4373.711827,2.95,3000,2.95,1.00E+00
2021_20MCBiota_GroupG_MortarSpike,Spike,Mortar,Biota,20MC,PFDA,61331.38793,2.95,3000,2.95,1.00E+00
2021_20MCBiota_GroupG_MortarBlank,Blank,Mortar,Biota,20MC,PFDA,1439.396998,2.95,3000,2.95,1.00E+00
2021_20MCBiota_GroupG_BlenderBlank,Blank,Blender,Biota,20MC,PFDA,997.3321344,2.95,3000,2.95,1.00E+00
2021_20MCBiota_GroupG_Crayfish1,Sample,Mortar,Biota,20MC,PFDA,1138.786809,2.95,3000,2.95,1.00E+00
2021_20MCBiota_GroupG_Crayfish2,Sample,Mortar,Biota,20MC,PFDA,3245.630034,2.95,3000,2.95,1.00E+00
2021_20MCBiota_GroupG_Catfish1,Sample,Blender,Biota,20MC,PFDA,1515.460203,2.95,3000,2.95,1.00E+00
2021_20MCBiota_GroupG_Catfish2,Sample,Blender,Biota,20MC,PFDA,8740.551604,2.95,3000,2.95,1.00E+00
2021_20MCBiota_GroupG_HardshellBug,Sample,Mortar,Biota,20MC,PFDA,1268.226192,2.95,3000,2.95,1.00E+00
2021_20MCBiota_GroupH_MortarSpike,Spike,Mortar,Biota,20MC,PFDA,61331.38793,2.95,3000,2.95,1.00E+00
2021_20MCBiota_GroupH_MortarBlank,Blank,Mortar,Biota,20MC,PFDA,1129.224596,2.95,3000,2.95,1.00E+00
2021_20MCBiota_GroupH_BlenderBlank,Blank,Blender,Biota,20MC,PFDA,997.3321344,2.95,3000,2.95,1.00E+00
2021_20MCBiota_GroupH_HardshellBug1,Sample,Mortar,Biota,20MC,PFDA,1040.246202,2.95,3000,2.95,1.00E+00
2021_20MCBiota_GroupH_HardshellBug2,Sample,Mortar,Biota,20MC,PFDA,897.1139665,2.95,3000,2.95,1.00E+00
2021_20MCBiota_GroupH_Crayfish1,Sample,Mortar,Biota,20MC,PFDA,1107.412723,2.95,3000,2.95,1.00E+00
2021_20MCBiota_GroupH_Crayfish2,Sample,Mortar,Biota,20MC,PFDA,3404.421061,2.95,3000,2.95,1.00E+00
2021_20MCBiota_GroupH_Catfish,Sample,Blender,Biota,20MC,PFDA,12268.39515,2.95,3000,2.95,1.00E+00
2021_20MCBiota_GroupI_MortarSpike,Spike,Mortar,Biota,20MC,PFDA,61331.38793,2.95,3000,2.95,1.00E+00
2021_20MCBiota_GroupI_MortarBlank,Blank,Mortar,Biota,20MC,PFDA,1589.997484,2.95,3000,2.95,1.00E+00
2021_20MCBiota_GroupI_BlenderBlank,Blank,Blender,Biota,20MC,PFDA,997.3321344,2.95,3000,2.95,1.00E+00
2021_20MCBiota_GroupI_Crayfish,Sample,Mortar,Biota,20MC,PFDA,4869.774536,2.95,3000,2.95,1.00E+00
2021_20MCBiota_GroupI_Sunfish,Sample,Blender,Biota,20MC,PFDA,1601.369615,2.95,3000,2.95,1.00E+00
2021_20MCBiota_GroupI_Catfish,Sample,Blender,Biota,20MC,PFDA,6370.285585,2.95,3000,2.95,1.00E+00
2021_20MCBiota_GroupI_Nymph,Sample,Mortar,Biota,20MC,PFDA,4530.877123,2.95,3000,2.95,1.00E+00
2021_20MCBiota_GroupI_Slug,Sample,Blender,Biota,20MC,PFDA,1203.422825,2.95,3000,2.95,1.00E+00
2021_20MCBiota_GroupI_Beetle1,Sample,Mortar,Biota,20MC,PFDA,2582.753714,2.95,3000,2.95,1.00E+00
2021_20MCBiota_GroupI_Beetle2,Sample,Mortar,Biota,20MC,PFDA,1283.452268,2.95,3000,2.95,1.00E+00
0 ng/mL,Calibration Curve,Lab,N/A,N/A,PFHxS,0.00E+00,0,1.11E+04,2.48,1.00E+00
0.2 ng/mL,Calibration Curve,Lab,N/A,N/A,PFHxS,2.24E+03,2.48,9.65E+03,2.47,1.00E+00
0.4 ng/mL,Calibration Curve,Lab,N/A,N/A,PFHxS,4.97E+03,2.46,8.97E+03,2.51,1.00E+00
1 ng/mL,Calibration Curve,Lab,N/A,N/A,PFHxS,1.10E+04,2.5,9.20E+03,2.48,1.00E+00
2 ng/mL,Calibration Curve,Lab,N/A,N/A,PFHxS,2.17E+04,2.51,1.01E+04,2.49,1.00E+00
4 ng/mL,Calibration Curve,Lab,N/A,N/A,PFHxS,3.41E+04,2.49,7.78E+03,2.5,1.00E+00
10 ng/mL,Calibration Curve,Lab,N/A,N/A,PFHxS,8.67E+04,2.48,9.25E+03,2.47,1.00E+00
20 ng/mL,Calibration Curve,Lab,N/A,N/A,PFHxS,1.68E+05,2.5,6.98E+03,2.48,1.00E+00
40 ng/mL,Calibration Curve,Lab,N/A,N/A,PFHxS,2.86E+05,2.49,7.14E+03,2.49,1.00E+00
100 ng/mL,Calibration Curve,Lab,N/A,N/A,PFHxS,5.64E+05,2.48,5.01E+03,2.5,1.00E+00
2022_20MCWater_FieldBlank,Blank,Field,Water,20MC,PFHxS,0.00E+00,0,5.71E+03,2.52,1.00E+00
2022_20MCWater_FieldSpike1,Spike,Field,Water,20MC,PFHxS,2.40E+03,0,5.80E+03,2.51,1.00E+00
2022_20MCWater_FieldSpike2,Spike,Field,Water,20MC,PFHxS,2.00E+03,0,4.46E+03,2.51,1.00E+00
2022_20MCWater_LabBlank,Blank,Lab,Water,20MC,PFHxS,0.00E+00,0,2.70E+03,2.52,1.00E+00
2022_20MCWater_Sample1,Sample,Field,Water,20MC,PFHxS,9.10E+02,0,4.56E+03,2.52,1.00E+00
2022_20MCWater_Sample2,Sample,Field,Water,20MC,PFHxS,2.03E+02,0,3.67E+03,2.53,1.00E+00
2022_20MCWater_Sample3,Sample,Field,Water,20MC,PFHxS,3.86E+03,2.52,3.94E+03,2.52,1.00E+00
2022_20MCWater_Sample4,Sample,Field,Water,20MC,PFHxS,3.53E+03,2.51,4.30E+03,2.52,1.00E+00
2022_NIAWater_FieldBlank1,Blank,Field,Water,NIA,PFHxS,0.00E+00,0,3.84E+03,2.49,1.00E+00
2022_NIAWater_FieldBlank2,Blank,Field,Water,NIA,PFHxS,0.00E+00,0,3.88E+03,2.51,1.00E+00
2022_NIAWater_FieldSpike1,Spike,Field,Water,NIA,PFHxS,1.26E+03,0,3.88E+03,2.51,1.00E+00
2022_NIAWater_FieldSpike2,Spike,Field,Water,NIA,PFHxS,1.86E+03,2.5,3.18E+03,2.45,1.00E+00
2022_NIAWater_LabBlank,Blank,Lab,Water,NIA,PFHxS,0.00E+00,2.43,2.34E+03,2.45,1.00E+00
2022_NIAWater_Sample1,Sample,Field,Water,NIA,PFHxS,7.03E+03,2.42,2.09E+03,2.42,1.00E+00
2022_NIAWater_Sample2,Sample,Field,Water,NIA,PFHxS,5.67E+03,2.52,2.89E+03,2.51,1.00E+00
2022_NIAWater_Sample3,Sample,Field,Water,NIA,PFHxS,5.35E+03,2.5,3.26E+03,2.52,1.00E+00
2022_NIASediment_GroupA_FieldBlank,Blank,Field,Sediment,NIA,PFHxS,0.00E+00,0,8.87E+02,2.52,1.00E+00
2022_NIASediment_GroupA_LabBlank,Blank,Lab,Sediment,NIA,PFHxS,0.00E+00,0,3.72E+02,2.52,1.00E+00
2022_NIASediment_GroupA_Sample,Sample,Field,Sediment,NIA,PFHxS,9.83E+03,0,4.08E+02,2.5,1.00E+00
2022_NIASediment_GroupA_Spike,Spike,Field,Sediment,NIA,PFHxS,1.37E+03,2.51,1.87E+02,2.53,1.00E+00
2022_NIASediment_GroupB_FieldBlank,Blank,Field,Sediment,NIA,PFHxS,0.00E+00,0,1.82E+02,2.5,1.00E+00
2022_NIASediment_GroupB_LabBlank,Blank,Lab,Sediment,NIA,PFHxS,0.00E+00,0,2.50E+02,2.53,1.00E+00
2022_NIASediment_GroupB_Sample,Sample,Field,Sediment,NIA,PFHxS,1.71E+04,2.56,4.91E+02,2.49,1.00E+00
2022_NIASediment_GroupB_Spike,Spike,Field,Sediment,NIA,PFHxS,3.17E+03,2.22,1.06E+02,2.5,1.00E+00
2022_NIASediment_GroupE_FieldBlank,Blank,Field,Sediment,NIA,PFHxS,1.75E+03,2.26,3.41E+02,2.53,1.00E+00
2022_NIASediment_GroupE_LabBlank,Blank,Lab,Sediment,NIA,PFHxS,5.12E+02,2.24,9.41E+01,2.53,1.00E+00
2022_NIASediment_GroupE_Sample,Sample,Field,Sediment,NIA,PFHxS,3.80E+03,2.27,9.14E+01,2.54,1.00E+00
2022_NIASediment_GroupE_Spike,Spike,Field,Sediment,NIA,PFHxS,9.04E+03,2.28,1.44E+02,2.55,1.00E+00
2022_NIASediment_GroupF_FieldBlank,Blank,Field,Sediment,NIA,PFHxS,0.00E+00,0,6.56E+01,2.3,1.00E+00
2022_NIASediment_GroupF_LabBlank,Blank,Lab,Sediment,NIA,PFHxS,0.00E+00,0,5.36E+01,2.9,1.00E+00
2022_NIASediment_GroupF_Sample,Sample,Field,Sediment,NIA,PFHxS,3.62E+03,0,1.05E+02,2.51,1.00E+00
2022_NIASediment_GroupF_Spike,Spike,Field,Sediment,NIA,PFHxS,8.01E+02,2.5,1.19E+02,3.04,1.00E+00
2022_NIABiota_GroupA_BlenderBlank,Blank,Blender,Biota,NIA,PFHxS,0.00E+00,0,5.13E+02,2.72,1.00E+00
2022_NIABiota_GroupA_Crayfish1,Sample,Mortar,Biota,NIA,PFHxS,0.00E+00,0,6.56E+02,3.3,1.00E+00
2022_NIABiota_GroupA_Crayfish2,Sample,Mortar,Biota,NIA,PFHxS,3.65E+01,2.67,1.19E+02,2.57,1.00E+00
2022_NIABiota_GroupA_MortarBlank,Blank,Mortar,Biota,NIA,PFHxS,0.00E+00,0,6.63E+02,2.5,1.00E+00
2022_NIABiota_GroupA_MortarSpike,Spike,Mortar,Biota,NIA,PFHxS,1.09E+02,2.58,9.82E+01,2.52,1.00E+00
2022_NIABiota_GroupA_Sunfish1,Sample,Blender,Biota,NIA,PFHxS,5.45E+02,2.54,2.79E+02,2.49,1.00E+00
2022_NIABiota_GroupA_Sunfish2,Sample,Blender,Biota,NIA,PFHxS,3.30E+03,2.52,5.03E+02,2.53,1.00E+00
2022_NIABiota_GroupB_BlenderBlank,Blank,Blender,Biota,NIA,PFHxS,0.00E+00,0,6.19E+02,2.5,1.00E+00
2022_NIABiota_GroupB_BlenderSpike,Spike,Blender,Biota,NIA,PFHxS,9.12E+01,2.58,2.25E+02,2.52,1.00E+00
2022_NIABiota_GroupB_HomogenizerBlank,Blank,Homogenizer,Biota,NIA,PFHxS,1.84E+02,2.65,1.32E+02,2.57,1.00E+00
2022_NIABiota_GroupB_HomogenizerSpike,Spike,Homogenizer,Biota,NIA,PFHxS,1.50E+03,2.56,1.06E+02,2.5,1.00E+00
2022_NIABiota_GroupB_Spider1,Sample,Homogenizer,Biota,NIA,PFHxS,0.00E+00,0,5.18E+02,2.49,1.00E+00
2022_NIABiota_GroupB_Spider2,Sample,Homogenizer,Biota,NIA,PFHxS,1.30E+02,2.52,3.10E+02,2.53,1.00E+00
2022_NIABiota_GroupB_Sunfish1,Sample,Blender,Biota,NIA,PFHxS,1.85E+02,2.54,1.86E+02,2.48,1.00E+00
2022_NIABiota_GroupB_Sunfish2,Sample,Blender,Biota,NIA,PFHxS,3.70E+03,2.53,6.53E+02,2.51,1.00E+00
2022_NIABiota_GroupC_BlenderBlank,Blank,Blender,Biota,NIA,PFHxS,0.00E+00,0,3.56E+02,2.52,1.00E+00
2022_NIABiota_GroupC_BlenderSpike,Spike,Blender,Biota,NIA,PFHxS,1.32E+02,2.53,6.34E+01,2.67,1.00E+00
2022_NIABiota_GroupC_Catfish1,Sample,Blender,Biota,NIA,PFHxS,2.35E+02,2.5,9.17E+01,2.49,1.00E+00
2022_NIABiota_GroupC_Catfish2,Sample,Blender,Biota,NIA,PFHxS,7.52E+02,2.51,2.51E+01,2.73,1.00E+00
2022_NIABiota_GroupC_HomogenizerBlank,Blank,Homogenizer,Biota,NIA,PFHxS,0.00E+00,0,2.92E+02,2.47,1.00E+00
2022_NIABiota_GroupC_HomogenizerSpike,Spike,Homogenizer,Biota,NIA,PFHxS,8.95E+01,2.7,1.56E+02,2.53,1.00E+00
2022_NIABiota_GroupC_Shrimp1,Sample,Homogenizer,Biota,NIA,PFHxS,0.00E+00,0,2.74E+02,2.98,1.00E+00
2022_NIABiota_GroupC_Shrimp2,Sample,Homogenizer,Biota,NIA,PFHxS,7.47E+02,2.52,1.18E+02,2.43,1.00E+00
2022_NIABiota_GroupD_Crayfish1,Sample,Mortar,Biota,NIA,PFHxS,0.00E+00,0,6.79E+02,2.5,1.00E+00
2022_NIABiota_GroupD_Crayfish2,Sample,Mortar,Biota,NIA,PFHxS,2.51E+02,2.57,6.58E+01,2.54,1.00E+00
2022_NIABiota_GroupD_MortarBlank,Blank,Mortar,Biota,NIA,PFHxS,1.82E+02,2.48,1.69E+02,2.51,1.00E+00
2022_NIABiota_GroupD_MortarSpike,Spike,Mortar,Biota,NIA,PFHxS,2.00E+03,2.54,3.20E+02,2.53,1.00E+00
2022_NIABiota_GroupE_BlenderBlank,Blank,Blender,Biota,NIA,PFHxS,0.00E+00,0,7.97E+02,2.52,1.00E+00
2022_NIABiota_GroupE_Catfish,Sample,Blender,Biota,NIA,PFHxS,1.47E+02,2.3,2.59E+02,2.96,1.00E+00
2022_NIABiota_GroupE_MortarBlank,Blank,Mortar,Biota,NIA,PFHxS,0.00E+00,0,3.30E+02,2.47,1.00E+00
2022_NIABiota_GroupE_MortarSpike,Spike,Mortar,Biota,NIA,PFHxS,3.90E+02,2.53,1.54E+02,2.52,1.00E+00
2022_NIABiota_GroupE_Snail,Sample,Mortar,Biota,NIA,PFHxS,2.84E+02,2.56,1.32E+01,2.53,1.00E+00
2022_NIABiota_GroupF_BlenderBlank,Blank,Blender,Biota,NIA,PFHxS,0.00E+00,0,1.45E+02,2.6,1.00E+00
2022_NIABiota_GroupF_BlenderSpike,Spike,Blender,Biota,NIA,PFHxS,0.00E+00,0,3.00E+02,2.56,1.00E+00
2022_NIABiota_GroupF_LargeSunfish1,Sample,Blender,Biota,NIA,PFHxS,2.60E+02,2.69,4.23E+02,2.59,1.00E+00
2022_NIABiota_GroupF_LargeSunfish2,Sample,Blender,Biota,NIA,PFHxS,0.00E+00,0,3.00E+02,2.58,1.00E+00
2022_NIABiota_GroupF_LargeSunfish3,Sample,Blender,Biota,NIA,PFHxS,9.23E+02,2.49,3.56E+02,2.52,1.00E+00
2022_NIABiota_GroupF_MortarBlank,Blank,Mortar,Biota,NIA,PFHxS,0.00E+00,0,3.41E+02,2.55,1.00E+00
2022_NIABiota_GroupF_MortarSpike,Spike,Mortar,Biota,NIA,PFHxS,2.80E+02,2.54,1.28E+02,2.78,1.00E+00
2022_NIABiota_GroupF_Snail1,Sample,Mortar,Biota,NIA,PFHxS,7.05E+02,2.96,4.54E+01,2.54,1.00E+00
2022_NIABiota_GroupF_Snail2,Sample,Mortar,Biota,NIA,PFHxS,6.13E+02,2.53,1.64E+02,2.51,1.00E+00
2021_20MCSediment_GroupG_Sample1,Sample,Field,Sediment,20MC,PFHxS,62713.62021,2.5,3000,2.5,1.00E+00
2021_20MCSediment_GroupG_Sample2,Sample,Field,Sediment,20MC,PFHxS,47935.91751,2.5,3000,2.5,1.00E+00
2021_20MCSediment_GroupG_Sample3,Sample,Field,Sediment,20MC,PFHxS,44230.72319,2.5,3000,2.5,1.00E+00
2021_20MCSediment_GroupG_Spike,Spike,Field,Sediment,20MC,PFHxS,184727.6993,2.5,3000,2.5,1.00E+00
2021_20MCSediment_GroupG_LabBlank,Blank,Lab,Sediment,20MC,PFHxS,0,2.5,3000,2.5,1.00E+00
2021_20MCSediment_GroupG_FieldBlank,Blank,Field,Sediment,20MC,PFHxS,0,2.5,3000,2.5,1.00E+00
2021_20MCSediment_GroupH_Sample1,Sample,Field,Sediment,20MC,PFHxS,41328.3424,2.5,3000,2.5,1.00E+00
2021_20MCSediment_GroupH_Sample2,Sample,Field,Sediment,20MC,PFHxS,32360.9605,2.5,3000,2.5,1.00E+00
2021_20MCSediment_GroupH_Sample3,Sample,Field,Sediment,20MC,PFHxS,33517.36989,2.5,3000,2.5,1.00E+00
2021_20MCSediment_GroupH_Spike,Spike,Field,Sediment,20MC,PFHxS,75643.90016,2.5,3000,2.5,1.00E+00
2021_20MCSediment_GroupH_LabBlank,Blank,Lab,Sediment,20MC,PFHxS,0,2.5,3000,2.5,1.00E+00
2021_20MCSediment_GroupH_FieldBlank,Blank,Field,Sediment,20MC,PFHxS,0,2.5,3000,2.5,1.00E+00
2021_20MCSediment_GroupI_Sample1,Sample,Field,Sediment,20MC,PFHxS,41625.94856,2.5,3000,2.5,1.00E+00
2021_20MCSediment_GroupI_Sample2,Sample,Field,Sediment,20MC,PFHxS,72177.86673,2.5,3000,2.5,1.00E+00
2021_20MCSediment_GroupI_Sample3,Sample,Field,Sediment,20MC,PFHxS,79285.47285,2.5,3000,2.5,1.00E+00
2021_20MCSediment_GroupI_Spike,Spike,Field,Sediment,20MC,PFHxS,139283.7886,2.5,3000,2.5,1.00E+00
2021_20MCSediment_GroupI_LabBlank,Blank,Lab,Sediment,20MC,PFHxS,0,2.5,3000,2.5,1.00E+00
2021_20MCSediment_GroupI_FieldBlank,Blank,Field,Sediment,20MC,PFHxS,0,2.5,3000,2.5,1.00E+00
2021_20MCBiota_GroupG_MortarSpike,Spike,Mortar,Biota,20MC,PFHxS,116991.5061,2.5,3000,2.5,1.00E+00
2021_20MCBiota_GroupG_MortarBlank,Blank,Mortar,Biota,20MC,PFHxS,0,2.5,3000,2.5,1.00E+00
2021_20MCBiota_GroupG_BlenderBlank,Blank,Blender,Biota,20MC,PFHxS,0,2.5,3000,2.5,1.00E+00
2021_20MCBiota_GroupG_Crayfish1,Sample,Mortar,Biota,20MC,PFHxS,0,2.5,3000,2.5,1.00E+00
2021_20MCBiota_GroupG_Crayfish2,Sample,Mortar,Biota,20MC,PFHxS,0,2.5,3000,2.5,1.00E+00
2021_20MCBiota_GroupG_Catfish1,Sample,Blender,Biota,20MC,PFHxS,0,2.5,3000,2.5,1.00E+00
2021_20MCBiota_GroupG_Catfish2,Sample,Blender,Biota,20MC,PFHxS,0,2.5,3000,2.5,1.00E+00
2021_20MCBiota_GroupG_HardshellBug,Sample,Mortar,Biota,20MC,PFHxS,0,2.5,3000,2.5,1.00E+00
2021_20MCBiota_GroupH_MortarSpike,Spike,Mortar,Biota,20MC,PFHxS,107656.266,2.5,3000,2.5,1.00E+00
2021_20MCBiota_GroupH_MortarBlank,Blank,Mortar,Biota,20MC,PFHxS,0,2.5,3000,2.5,1.00E+00
2021_20MCBiota_GroupH_BlenderBlank,Blank,Blender,Biota,20MC,PFHxS,0,2.5,3000,2.5,1.00E+00
2021_20MCBiota_GroupH_HardshellBug1,Sample,Mortar,Biota,20MC,PFHxS,0,2.5,3000,2.5,1.00E+00
2021_20MCBiota_GroupH_HardshellBug2,Sample,Mortar,Biota,20MC,PFHxS,0,2.5,3000,2.5,1.00E+00
2021_20MCBiota_GroupH_Crayfish1,Sample,Mortar,Biota,20MC,PFHxS,0,2.5,3000,2.5,1.00E+00
2021_20MCBiota_GroupH_Crayfish2,Sample,Mortar,Biota,20MC,PFHxS,0,2.5,3000,2.5,1.00E+00
2021_20MCBiota_GroupH_Catfish,Sample,Blender,Biota,20MC,PFHxS,0,2.5,3000,2.5,1.00E+00
2021_20MCBiota_GroupI_MortarSpike,Spike,Mortar,Biota,20MC,PFHxS,107656.266,2.5,3000,2.5,1.00E+00
2021_20MCBiota_GroupI_MortarBlank,Blank,Mortar,Biota,20MC,PFHxS,0,2.5,3000,2.5,1.00E+00
2021_20MCBiota_GroupI_BlenderBlank,Blank,Blender,Biota,20MC,PFHxS,0,2.5,3000,2.5,1.00E+00
2021_20MCBiota_GroupI_Crayfish,Sample,Mortar,Biota,20MC,PFHxS,0,2.5,3000,2.5,1.00E+00
2021_20MCBiota_GroupI_Sunfish,Sample,Blender,Biota,20MC,PFHxS,0,2.5,3000,2.5,1.00E+00
2021_20MCBiota_GroupI_Catfish,Sample,Blender,Biota,20MC,PFHxS,0,2.5,3000,2.5,1.00E+00
2021_20MCBiota_GroupI_Nymph,Sample,Mortar,Biota,20MC,PFHxS,0,2.5,3000,2.5,1.00E+00
2021_20MCBiota_GroupI_Slug,Sample,Blender,Biota,20MC,PFHxS,0,2.5,3000,2.5,1.00E+00
2021_20MCBiota_GroupI_Beetle1,Sample,Mortar,Biota,20MC,PFHxS,0,2.5,3000,2.5,1.00E+00
2021_20MCBiota_GroupI_Beetle2,Sample,Mortar,Biota,20MC,PFHxS,0,2.5,3000,2.5,1.00E+00
0 ng/mL,Calibration Curve,Lab,N/A,N/A,PFOS,0.00E+00,0,9.84E+03,2.72,1.00E+00
0.2 ng/mL,Calibration Curve,Lab,N/A,N/A,PFOS,1.71E+03,2.72,8.23E+03,2.71,1.00E+00
0.4 ng/mL,Calibration Curve,Lab,N/A,N/A,PFOS,3.43E+03,2.73,7.89E+03,2.73,1.00E+00
1 ng/mL,Calibration Curve,Lab,N/A,N/A,PFOS,7.10E+03,2.72,7.60E+03,2.72,1.00E+00
2 ng/mL,Calibration Curve,Lab,N/A,N/A,PFOS,1.29E+04,2.73,6.14E+03,2.72,1.00E+00
4 ng/mL,Calibration Curve,Lab,N/A,N/A,PFOS,1.94E+04,2.74,5.16E+03,2.72,1.00E+00
10 ng/mL,Calibration Curve,Lab,N/A,N/A,PFOS,4.96E+04,2.74,5.66E+03,2.73,1.00E+00
20 ng/mL,Calibration Curve,Lab,N/A,N/A,PFOS,1.04E+05,2.73,5.27E+03,2.74,1.00E+00
40 ng/mL,Calibration Curve,Lab,N/A,N/A,PFOS,1.85E+05,2.75,5.16E+03,2.72,1.00E+00
100 ng/mL,Calibration Curve,Lab,N/A,N/A,PFOS,3.06E+05,2.73,3.05E+03,2.72,1.00E+00
2022_20MCWater_FieldBlank,Blank,Field,Water,20MC,PFOS,0.00E+00,0,3.90E+03,2.75,1.00E+00
2022_20MCWater_FieldSpike1,Spike,Field,Water,20MC,PFOS,1.82E+03,0,3.78E+03,2.74,1.00E+00
2022_20MCWater_FieldSpike2,Spike,Field,Water,20MC,PFOS,9.84E+02,0,3.55E+03,2.75,1.00E+00
2022_20MCWater_LabBlank,Blank,Lab,Water,20MC,PFOS,0.00E+00,0,2.77E+03,2.73,1.00E+00
2022_20MCWater_Sample1,Sample,Field,Water,20MC,PFOS,0.00E+00,0,3.22E+03,2.76,1.00E+00
2022_20MCWater_Sample2,Sample,Field,Water,20MC,PFOS,0.00E+00,0,2.40E+03,2.75,1.00E+00
2022_20MCWater_Sample3,Sample,Field,Water,20MC,PFOS,0.00E+00,2.74,1.79E+03,2.74,1.00E+00
2022_20MCWater_Sample4,Sample,Field,Water,20MC,PFOS,4.20E+02,2.73,3.43E+03,2.75,1.00E+00
2022_NIAWater_FieldBlank1,Blank,Field,Water,NIA,PFOS,0.00E+00,0,2.27E+03,2.76,1.00E+00
2022_NIAWater_FieldBlank2,Blank,Field,Water,NIA,PFOS,0.00E+00,0,2.31E+03,2.74,1.00E+00
2022_NIAWater_FieldSpike1,Spike,Field,Water,NIA,PFOS,1.00E+03,0,2.17E+03,2.76,1.00E+00
2022_NIAWater_FieldSpike2,Spike,Field,Water,NIA,PFOS,1.97E+03,2.69,2.28E+03,2.67,1.00E+00
2022_NIAWater_LabBlank,Blank,Lab,Water,NIA,PFOS,5.70E+02,2.67,2.44E+03,2.68,1.00E+00
2022_NIAWater_Sample1,Sample,Field,Water,NIA,PFOS,9.92E+02,2.65,3.30E+03,2.69,1.00E+00
2022_NIAWater_Sample2,Sample,Field,Water,NIA,PFOS,1.06E+03,2.75,2.10E+03,2.75,1.00E+00
2022_NIAWater_Sample3,Sample,Field,Water,NIA,PFOS,1.10E+03,2.73,2.14E+03,2.74,1.00E+00
2022_NIASediment_GroupA_FieldBlank,Blank,Field,Sediment,NIA,PFOS,0.00E+00,0,3.75E+02,2.73,1.00E+00
2022_NIASediment_GroupA_LabBlank,Blank,Lab,Sediment,NIA,PFOS,0.00E+00,0,5.05E+02,2.74,1.00E+00
2022_NIASediment_GroupA_Sample,Sample,Field,Sediment,NIA,PFOS,1.32E+03,2.76,8.94E+01,2.73,1.00E+00
2022_NIASediment_GroupA_Spike,Spike,Field,Sediment,NIA,PFOS,1.42E+03,2.74,1.74E+02,2.8,1.00E+00
2022_NIASediment_GroupB_FieldBlank,Blank,Field,Sediment,NIA,PFOS,0.00E+00,0,6.65E+01,2.51,1.00E+00
2022_NIASediment_GroupB_LabBlank,Blank,Lab,Sediment,NIA,PFOS,0.00E+00,0,5.61E+01,2.71,1.00E+00
2022_NIASediment_GroupB_Sample,Sample,Field,Sediment,NIA,PFOS,1.92E+03,2.72,1.31E+02,2.7,1.00E+00
2022_NIASediment_GroupB_Spike,Spike,Field,Sediment,NIA,PFOS,1.29E+03,2.74,1.49E+02,2.79,1.00E+00
2022_NIASediment_GroupE_FieldBlank,Blank,Field,Sediment,NIA,PFOS,3.92E+01,2.8,3.13E+02,2.7,1.00E+00
2022_NIASediment_GroupE_LabBlank,Blank,Lab,Sediment,NIA,PFOS,0.00E+00,0,1.72E+02,2.79,1.00E+00
2022_NIASediment_GroupE_Sample,Sample,Field,Sediment,NIA,PFOS,3.74E+03,0,1.32E+02,2.51,1.00E+00
2022_NIASediment_GroupE_Spike,Spike,Field,Sediment,NIA,PFOS,2.84E+02,2.73,3.41E+01,2.78,1.00E+00
2022_NIASediment_GroupF_FieldBlank,Blank,Field,Sediment,NIA,PFOS,0.00E+00,0,1.34E+02,2.76,1.00E+00
2022_NIASediment_GroupF_LabBlank,Blank,Lab,Sediment,NIA,PFOS,0.00E+00,0,1.35E+02,2.52,1.00E+00
2022_NIASediment_GroupF_Sample,Sample,Field,Sediment,NIA,PFOS,6.33E+03,2.89,1.50E+02,0,1.00E+00
2022_NIASediment_GroupF_Spike,Spike,Field,Sediment,NIA,PFOS,2.80E+02,2.73,1.02E+02,2.78,1.00E+00
2022_NIABiota_GroupA_BlenderBlank,Blank,Blender,Biota,NIA,PFOS,0.00E+00,0,6.96E+02,2.75,1.00E+00
2022_NIABiota_GroupA_Crayfish1,Sample,Mortar,Biota,NIA,PFOS,2.57E+04,2.77,2.13E+02,2.79,1.00E+00
2022_NIABiota_GroupA_Crayfish2,Sample,Mortar,Biota,NIA,PFOS,1.33E+04,2.74,1.10E+02,2.25,1.00E+00
2022_NIABiota_GroupA_MortarBlank,Blank,Mortar,Biota,NIA,PFOS,1.92E+02,2.88,6.69E+02,2.73,1.00E+00
2022_NIABiota_GroupA_MortarSpike,Spike,Mortar,Biota,NIA,PFOS,1.57E+03,2.78,5.32E+02,2.75,1.00E+00
2022_NIABiota_GroupA_Sunfish1,Sample,Blender,Biota,NIA,PFOS,1.82E+03,2.79,1.74E+02,2.81,1.00E+00
2022_NIABiota_GroupA_Sunfish2,Sample,Blender,Biota,NIA,PFOS,6.94E+02,2.73,7.40E+02,2.77,1.00E+00
2022_NIABiota_GroupB_BlenderBlank,Blank,Blender,Biota,NIA,PFOS,1.74E+02,2.79,1.92E+02,2.76,1.00E+00
2022_NIABiota_GroupB_BlenderSpike,Spike,Blender,Biota,NIA,PFOS,1.43E+04,2.79,4.77E+02,2.77,1.00E+00
2022_NIABiota_GroupB_HomogenizerBlank,Blank,Homogenizer,Biota,NIA,PFOS,1.22E+04,2.76,4.41E+02,2.78,1.00E+00
2022_NIABiota_GroupB_HomogenizerSpike,Spike,Homogenizer,Biota,NIA,PFOS,1.06E+03,2.81,4.50E+02,2.76,1.00E+00
2022_NIABiota_GroupB_Spider1,Sample,Homogenizer,Biota,NIA,PFOS,0.00E+00,0,5.19E+02,2.77,1.00E+00
2022_NIABiota_GroupB_Spider2,Sample,Homogenizer,Biota,NIA,PFOS,1.35E+03,2.82,9.55E+02,2.78,1.00E+00
2022_NIABiota_GroupB_Sunfish1,Sample,Blender,Biota,NIA,PFOS,2.11E+03,2.77,1.45E+02,2.8,1.00E+00
2022_NIABiota_GroupB_Sunfish2,Sample,Blender,Biota,NIA,PFOS,2.15E+03,2.75,3.76E+02,2.78,1.00E+00
2022_NIABiota_GroupC_BlenderBlank,Blank,Blender,Biota,NIA,PFOS,0.00E+00,0,3.65E+02,2.81,1.00E+00
2022_NIABiota_GroupC_BlenderSpike,Spike,Blender,Biota,NIA,PFOS,4.07E+03,2.78,1.47E+02,2.87,1.00E+00
2022_NIABiota_GroupC_Catfish1,Sample,Blender,Biota,NIA,PFOS,3.71E+03,2.76,2.38E+01,2.85,1.00E+00
2022_NIABiota_GroupC_Catfish2,Sample,Blender,Biota,NIA,PFOS,3.38E+03,2.78,8.39E+01,2.76,1.00E+00
2022_NIABiota_GroupC_HomogenizerBlank,Blank,Homogenizer,Biota,NIA,PFOS,1.39E+02,2.68,1.16E+02,2.75,1.00E+00
2022_NIABiota_GroupC_HomogenizerSpike,Spike,Homogenizer,Biota,NIA,PFOS,7.96E+02,2.75,1.04E+02,2.78,1.00E+00
2022_NIABiota_GroupC_Shrimp1,Sample,Homogenizer,Biota,NIA,PFOS,5.51E+03,2.76,1.48E+02,2.73,1.00E+00
2022_NIABiota_GroupC_Shrimp2,Sample,Homogenizer,Biota,NIA,PFOS,1.65E+03,2.75,7.79E+01,2.79,1.00E+00
2022_NIABiota_GroupD_Crayfish1,Sample,Mortar,Biota,NIA,PFOS,0.00E+00,0,4.75E+02,2.77,1.00E+00
2022_NIABiota_GroupD_Crayfish2,Sample,Mortar,Biota,NIA,PFOS,2.15E+03,2.77,1.44E+02,2.77,1.00E+00
2022_NIABiota_GroupD_MortarBlank,Blank,Mortar,Biota,NIA,PFOS,2.21E+03,2.76,2.29E+02,2.76,1.00E+00
2022_NIABiota_GroupD_MortarSpike,Spike,Mortar,Biota,NIA,PFOS,8.77E+02,2.81,5.15E+02,2.78,1.00E+00
2022_NIABiota_GroupE_BlenderBlank,Blank,Blender,Biota,NIA,PFOS,2.71E+02,2.79,1.20E+02,0,1.00E+00
2022_NIABiota_GroupE_Catfish,Sample,Blender,Biota,NIA,PFOS,8.87E+03,2.79,2.87E+02,2.77,1.00E+00
2022_NIABiota_GroupE_MortarBlank,Blank,Mortar,Biota,NIA,PFOS,8.04E+01,2.8,3.86E+02,2.79,1.00E+00
2022_NIABiota_GroupE_MortarSpike,Spike,Mortar,Biota,NIA,PFOS,3.40E+03,2.82,6.74E+01,2.84,1.00E+00
2022_NIABiota_GroupE_Snail,Sample,Mortar,Biota,NIA,PFOS,3.91E+02,2.76,1.66E+02,2.8,1.00E+00
2022_NIABiota_GroupF_BlenderBlank,Blank,Blender,Biota,NIA,PFOS,0.00E+00,0,4.69E+02,2.77,1.00E+00
2022_NIABiota_GroupF_BlenderSpike,Spike,Blender,Biota,NIA,PFOS,3.64E+03,2.77,1.81E+02,2.76,1.00E+00
2022_NIABiota_GroupF_LargeSunfish1,Sample,Blender,Biota,NIA,PFOS,1.15E+04,2.74,3.49E+02,2.75,1.00E+00
2022_NIABiota_GroupF_LargeSunfish2,Sample,Blender,Biota,NIA,PFOS,1.35E+04,2.78,5.34E+02,2.77,1.00E+00
2022_NIABiota_GroupF_LargeSunfish3,Sample,Blender,Biota,NIA,PFOS,1.29E+03,2.81,3.55E+02,2.83,1.00E+00
2022_NIABiota_GroupF_MortarBlank,Blank,Mortar,Biota,NIA,PFOS,0.00E+00,0,1.10E+02,2.82,1.00E+00
2022_NIABiota_GroupF_MortarSpike,Spike,Mortar,Biota,NIA,PFOS,5.79E+02,2.75,2.00E+02,2.79,1.00E+00
2022_NIABiota_GroupF_Snail1,Sample,Mortar,Biota,NIA,PFOS,1.44E+02,2.97,5.09E+01,2.76,1.00E+00
2022_NIABiota_GroupF_Snail2,Sample,Mortar,Biota,NIA,PFOS,5.34E+02,2.83,5.57E+01,2.76,1.00E+00
2021_20MCSediment_GroupG_Sample1,Sample,Field,Sediment,20MC,PFOS,10100.81557,2.8,500,2.8,1.00E+00
2021_20MCSediment_GroupG_Sample2,Sample,Field,Sediment,20MC,PFOS,4205.854218,2.8,500,2.8,1.00E+00
2021_20MCSediment_GroupG_Sample3,Sample,Field,Sediment,20MC,PFOS,4427.447996,2.8,500,2.8,1.00E+00
2021_20MCSediment_GroupG_Spike,Spike,Field,Sediment,20MC,PFOS,28583.63298,2.8,500,2.8,1.00E+00
2021_20MCSediment_GroupG_LabBlank,Blank,Lab,Sediment,20MC,PFOS,0,2.8,500,2.8,1.00E+00
2021_20MCSediment_GroupG_FieldBlank,Blank,Field,Sediment,20MC,PFOS,0,2.8,500,2.8,1.00E+00
2021_20MCSediment_GroupH_Sample1,Sample,Field,Sediment,20MC,PFOS,4385.97334,2.8,500,2.8,1.00E+00
2021_20MCSediment_GroupH_Sample2,Sample,Field,Sediment,20MC,PFOS,4511.513467,2.8,500,2.8,1.00E+00
2021_20MCSediment_GroupH_Sample3,Sample,Field,Sediment,20MC,PFOS,2438.195478,2.8,500,2.8,1.00E+00
2021_20MCSediment_GroupH_Spike,Spike,Field,Sediment,20MC,PFOS,10146.54112,2.8,500,2.8,1.00E+00
2021_20MCSediment_GroupH_LabBlank,Blank,Lab,Sediment,20MC,PFOS,107.085976,2.8,500,2.8,1.00E+00
2021_20MCSediment_GroupH_FieldBlank,Blank,Field,Sediment,20MC,PFOS,0,2.8,500,2.8,1.00E+00
2021_20MCSediment_GroupI_Sample1,Sample,Field,Sediment,20MC,PFOS,5533.749587,2.8,500,2.8,1.00E+00
2021_20MCSediment_GroupI_Sample2,Sample,Field,Sediment,20MC,PFOS,5804.950177,2.8,500,2.8,1.00E+00
2021_20MCSediment_GroupI_Sample3,Sample,Field,Sediment,20MC,PFOS,4304.699955,2.8,500,2.8,1.00E+00
2021_20MCSediment_GroupI_Spike,Spike,Field,Sediment,20MC,PFOS,21907.35946,2.8,500,2.8,1.00E+00
2021_20MCSediment_GroupI_LabBlank,Blank,Lab,Sediment,20MC,PFOS,168.9488439,2.8,500,2.8,1.00E+00
2021_20MCSediment_GroupI_FieldBlank,Blank,Field,Sediment,20MC,PFOS,797.7807538,2.8,500,2.8,1.00E+00
2021_20MCBiota_GroupG_MortarSpike,Spike,Mortar,Biota,20MC,PFOS,20680.186,2.8,500,2.8,1.00E+00
2021_20MCBiota_GroupG_MortarBlank,Blank,Mortar,Biota,20MC,PFOS,78.84352552,2.8,500,2.8,1.00E+00
2021_20MCBiota_GroupG_BlenderBlank,Blank,Blender,Biota,20MC,PFOS,168.6018373,2.8,500,2.8,1.00E+00
2021_20MCBiota_GroupG_Crayfish1,Sample,Mortar,Biota,20MC,PFOS,26.47597802,2.8,500,2.8,1.00E+00
2021_20MCBiota_GroupG_Crayfish2,Sample,Mortar,Biota,20MC,PFOS,439.6734479,2.8,500,2.8,1.00E+00
2021_20MCBiota_GroupG_Catfish1,Sample,Blender,Biota,20MC,PFOS,466.4918579,2.8,500,2.8,1.00E+00
2021_20MCBiota_GroupG_Catfish2,Sample,Blender,Biota,20MC,PFOS,7308.70219,2.8,500,2.8,1.00E+00
2021_20MCBiota_GroupG_HardshellBug,Sample,Mortar,Biota,20MC,PFOS,0,2.8,500,2.8,1.00E+00
2021_20MCBiota_GroupH_MortarSpike,Spike,Mortar,Biota,20MC,PFOS,14257.53348,2.8,500,2.8,1.00E+00
2021_20MCBiota_GroupH_MortarBlank,Blank,Mortar,Biota,20MC,PFOS,0,2.8,500,2.8,1.00E+00
2021_20MCBiota_GroupH_BlenderBlank,Blank,Blender,Biota,20MC,PFOS,168.6018373,2.8,500,2.8,1.00E+00
2021_20MCBiota_GroupH_HardshellBug1,Sample,Mortar,Biota,20MC,PFOS,330.9298817,2.8,500,2.8,1.00E+00
2021_20MCBiota_GroupH_HardshellBug2,Sample,Mortar,Biota,20MC,PFOS,0,2.8,500,2.8,1.00E+00
2021_20MCBiota_GroupH_Crayfish1,Sample,Mortar,Biota,20MC,PFOS,579.1297324,2.8,500,2.8,1.00E+00
2021_20MCBiota_GroupH_Crayfish2,Sample,Mortar,Biota,20MC,PFOS,0,2.8,500,2.8,1.00E+00
2021_20MCBiota_GroupH_Catfish,Sample,Blender,Biota,20MC,PFOS,8835.405905,2.8,500,2.8,1.00E+00
2021_20MCBiota_GroupI_MortarSpike,Spike,Mortar,Biota,20MC,PFOS,14257.53348,2.8,500,2.8,1.00E+00
2021_20MCBiota_GroupI_MortarBlank,Blank,Mortar,Biota,20MC,PFOS,0,2.8,500,2.8,1.00E+00
2021_20MCBiota_GroupI_BlenderBlank,Blank,Blender,Biota,20MC,PFOS,168.6018373,2.8,500,2.8,1.00E+00
2021_20MCBiota_GroupI_Crayfish,Sample,Mortar,Biota,20MC,PFOS,2867.299129,2.8,500,2.8,1.00E+00
2021_20MCBiota_GroupI_Sunfish,Sample,Blender,Biota,20MC,PFOS,1225.487672,2.8,500,2.8,1.00E+00
2021_20MCBiota_GroupI_Catfish,Sample,Blender,Biota,20MC,PFOS,9379.541318,2.8,500,2.8,1.00E+00
2021_20MCBiota_GroupI_Nymph,Sample,Mortar,Biota,20MC,PFOS,3199.983987,2.8,500,2.8,1.00E+00
2021_20MCBiota_GroupI_Slug,Sample,Blender,Biota,20MC,PFOS,0,2.8,500,2.8,1.00E+00
2021_20MCBiota_GroupI_Beetle1,Sample,Mortar,Biota,20MC,PFOS,1065.885712,2.8,500,2.8,1.00E+00
2021_20MCBiota_GroupI_Beetle2,Sample,Mortar,Biota,20MC,PFOS,0,2.8,500,2.8,1.00E+00
