Sample name ,Date,Sample type,Sample group,Matrix,Location,Compound,Analyte peak area,Analyte retention time (min),Internal standard peak area,Normalization factor
0 ng/mL,101921,Calibration curve,Lab,Water,N/A,PFDA,0,0,208000,1
0.2 ng/mL,101921,Calibration curve,Lab,Water,N/A,PFDA,9280,4.28,281000,1
0.4 ng/mL,101921,Calibration curve,Lab,Water,N/A,PFDA,18800,4.28,324000,1
1 ng/mL,101921,Calibration curve,Lab,Water,N/A,PFDA,42900,4.27,227000,1
2 ng/mL,101921,Calibration curve,Lab,Water,N/A,PFDA,74800,4.27,252000,1
4 ng/mL,101921,Calibration curve,Lab,Water,N/A,PFDA,190000,4.27,175000,1
10 ng/mL,101921,Calibration curve,Lab,Water,N/A,PFDA,465000,4.27,176000,1
20 ng/mL,101921,Calibration curve,Lab,Water,N/A,PFDA,870000,4.25,172000,1
40 ng/mL,101921,Calibration curve,Lab,Water,N/A,PFDA,1410000,4.25,186000,1
100 ng/mL,101921,Calibration curve,Lab,Water,N/A,PFDA,3550000,4.24,190000,1
101921_Water_20MC_LabBlank,101921,Blank,Lab,Water,20MC,PFDA,31200,4.25,160000,1
101921_Water_20MC_FieldBlank,101921,Blank,Field,Water,20MC,PFDA,24100,4.25,157000,1
101921_Water_20MC_Sample1,101921,Sample,Field,Water,20MC,PFDA,20300,4.24,175000,100
101921_Water_20MC_Sample2,101921,Sample,Field,Water,20MC,PFDA,19900,4.23,169000,100
101921_Water_20MC_Sample3,101921,Sample,Field,Water,20MC,PFDA,14200,4.24,162000,100
101921_Water_20MC__Spike1,101921,Spike,Field,Water,20MC,PFDA,492000,4.24,173000,1
101921_Water_20MC__Spike2,101921,Spike,Field,Water,20MC,PFDA,677000,4.22,159000,1
101921_Water_NIA_LabBlank,101921,Blank,Lab,Water,20MC,PFDA,3120,4.15,164000,1
101921_Water_NIA_FieldBlank,101921,Blank,Field,Water,20MC,PFDA,3700,4.17,165000,1
101921_Water_NIA_Sample1,101921,Sample,Field,Water,20MC,PFDA,0,4.2,49500,100
101921_Water_NIA_Sample2,101921,Sample,Field,Water,20MC,PFDA,0,4.2,159000,100
101921_Water_NIA_Sample3,101921,Sample,Field,Water,20MC,PFDA,7880,4.18,67800,100
101921_Water_NIA__Sample4,101921,Sample,Field,Water,20MC,PFDA,0,4.17,118000,100
101921_Water_NIA__Spike1,101921,Spike,Field,Water,20MC,PFDA,390000,4.17,100000,1
101921_Water_NIA__Spike2,101921,Spike,Field,Water,20MC,PFDA,475000,4.17,73900,1
0 ng/mL,101921,Calibration curve,Lab,Water,N/A,PFHpA,1960,0,244000,1
0.2 ng/mL,101921,Calibration curve,Lab,Water,N/A,PFHpA,8370,3.78,302000,1
0.4 ng/mL,101921,Calibration curve,Lab,Water,N/A,PFHpA,15300,3.79,255000,1
1 ng/mL,101921,Calibration curve,Lab,Water,N/A,PFHpA,35500,3.78,230000,1
2 ng/mL,101921,Calibration curve,Lab,Water,N/A,PFHpA,68700,3.78,270000,1
4 ng/mL,101921,Calibration curve,Lab,Water,N/A,PFHpA,161000,3.77,211000,1
10 ng/mL,101921,Calibration curve,Lab,Water,N/A,PFHpA,437000,3.77,237000,1
20 ng/mL,101921,Calibration curve,Lab,Water,N/A,PFHpA,760000,3.76,255000,1
40 ng/mL,101921,Calibration curve,Lab,Water,N/A,PFHpA,1420000,3.76,260000,1
100 ng/mL,101921,Calibration curve,Lab,Water,N/A,PFHpA,3340000,3.77,356000,1
101921_Water_20MC_LabBlank,101921,Blank,Lab,Water,20MC,PFHpA,6100,3.75,226000,1
101921_Water_20MC_FieldBlank,101921,Blank,Field,Water,20MC,PFHpA,2000,3.76,215000,1
101921_Water_20MC_Sample1,101921,Sample,Field,Water,20MC,PFHpA,4020,3.74,198000,100
101921_Water_20MC_Sample2,101921,Sample,Field,Water,20MC,PFHpA,2170,3.75,211000,100
101921_Water_20MC_Sample3,101921,Sample,Field,Water,20MC,PFHpA,4000,3.75,231000,100
101921_Water_20MC__Spike1,101921,Spike,Field,Water,20MC,PFHpA,2110000,3.73,231000,1
101921_Water_20MC__Spike2,101921,Spike,Field,Water,20MC,PFHpA,2850000,3.74,212000,1
101921_Water_NIA_LabBlank,101921,Blank,Lab,Water,20MC,PFHpA,1080,3.73,232000,1
101921_Water_NIA_FieldBlank,101921,Blank,Field,Water,20MC,PFHpA,3490,3.7,232000,1
101921_Water_NIA_Sample1,101921,Sample,Field,Water,20MC,PFHpA,7750,3.72,244000,100
101921_Water_NIA_Sample2,101921,Sample,Field,Water,20MC,PFHpA,12700,3.72,302000,100
101921_Water_NIA_Sample3,101921,Sample,Field,Water,20MC,PFHpA,14800,3.71,255000,100
101921_Water_NIA__Sample4,101921,Sample,Field,Water,20MC,PFHpA,12400,3.71,230000,100
101921_Water_NIA__Spike1,101921,Spike,Field,Water,20MC,PFHpA,745000,3.71,270000,1
101921_Water_NIA__Spike2,101921,Spike,Field,Water,20MC,PFHpA,842000,3.7,211000,1
0 ng/mL,101921,Calibration curve,Lab,Water,N/A,PFHxA,0,0,160000,1
0.2 ng/mL,101921,Calibration curve,Lab,Water,N/A,PFHxA,3710,3.58,174000,1
0.4 ng/mL,101921,Calibration curve,Lab,Water,N/A,PFHxA,8420,3.55,169000,1
1 ng/mL,101921,Calibration curve,Lab,Water,N/A,PFHxA,17700,3.56,168000,1
2 ng/mL,101921,Calibration curve,Lab,Water,N/A,PFHxA,36200,3.56,174000,1
4 ng/mL,101921,Calibration curve,Lab,Water,N/A,PFHxA,101000,3.55,141000,1
10 ng/mL,101921,Calibration curve,Lab,Water,N/A,PFHxA,240000,3.59,151000,1
20 ng/mL,101921,Calibration curve,Lab,Water,N/A,PFHxA,448000,3.54,170000,1
40 ng/mL,101921,Calibration curve,Lab,Water,N/A,PFHxA,884000,3.58,146000,1
100 ng/mL,101921,Calibration curve,Lab,Water,N/A,PFHxA,2200000,3.55,153000,1
101921_Water_20MC_LabBlank,101921,Blank,Lab,Water,20MC,PFHxA,13400,3.55,147000,1
101921_Water_20MC_FieldBlank,101921,Blank,Field,Water,20MC,PFHxA,12500,3.57,156000,1
101921_Water_20MC_Sample1,101921,Sample,Field,Water,20MC,PFHxA,61500,3.58,156000,100
101921_Water_20MC_Sample2,101921,Sample,Field,Water,20MC,PFHxA,81100,3.55,141000,100
101921_Water_20MC_Sample3,101921,Sample,Field,Water,20MC,PFHxA,4240,3.56,132000,100
101921_Water_20MC__Spike1,101921,Spike,Field,Water,20MC,PFHxA,104000,3.56,137000,1
101921_Water_20MC__Spike2,101921,Spike,Field,Water,20MC,PFHxA,115000,3.55,146000,1
101921_Water_NIA_LabBlank,101921,Blank,Lab,Water,20MC,PFHxA,6410,3.59,142000,1
101921_Water_NIA_FieldBlank,101921,Blank,Field,Water,20MC,PFHxA,0,3.54,160000,1
101921_Water_NIA_Sample1,101921,Sample,Field,Water,20MC,PFHxA,249000,3.58,174000,100
101921_Water_NIA_Sample2,101921,Sample,Field,Water,20MC,PFHxA,270000,3.55,169000,100
101921_Water_NIA_Sample3,101921,Sample,Field,Water,20MC,PFHxA,241000,3.55,168000,100
101921_Water_NIA__Sample4,101921,Sample,Field,Water,20MC,PFHxA,267000,3.54,174000,100
101921_Water_NIA__Spike1,101921,Spike,Field,Water,20MC,PFHxA,825000,3.58,141000,1
101921_Water_NIA__Spike2,101921,Spike,Field,Water,20MC,PFHxA,1060000,3.55,151000,1
0 ng/mL,101921,Calibration curve,Lab,Water,N/A,PFHxS,0,0,10500,1
0.2 ng/mL,101921,Calibration curve,Lab,Water,N/A,PFHxS,249,3.81,11500,1
0.4 ng/mL,101921,Calibration curve,Lab,Water,N/A,PFHxS,562,3.77,10600,1
1 ng/mL,101921,Calibration curve,Lab,Water,N/A,PFHxS,1460,3.8,9670,1
2 ng/mL,101921,Calibration curve,Lab,Water,N/A,PFHxS,428,3.77,12000,1
4 ng/mL,101921,Calibration curve,Lab,Water,N/A,PFHxS,7010,3.77,8510,1
10 ng/mL,101921,Calibration curve,Lab,Water,N/A,PFHxS,21400,3.78,9040,1
20 ng/mL,101921,Calibration curve,Lab,Water,N/A,PFHxS,36600,3.76,8870,1
40 ng/mL,101921,Calibration curve,Lab,Water,N/A,PFHxS,61900,3.75,7320,1
100 ng/mL,101921,Calibration curve,Lab,Water,N/A,PFHxS,141000,3.75,7310,1
101921_Water_20MC_LabBlank,101921,Blank,Lab,Water,20MC,PFHxS,0,3.77,8600,1
101921_Water_20MC_FieldBlank,101921,Blank,Field,Water,20MC,PFHxS,3120,3.82,8370,1
101921_Water_20MC_Sample1,101921,Sample,Field,Water,20MC,PFHxS,0,3.81,7180,100
101921_Water_20MC_Sample2,101921,Sample,Field,Water,20MC,PFHxS,0,3.77,9300,100
101921_Water_20MC_Sample3,101921,Sample,Field,Water,20MC,PFHxS,0,3.8,8910,100
101921_Water_20MC__Spike1,101921,Spike,Field,Water,20MC,PFHxS,64500,3.77,9060,1
101921_Water_20MC__Spike2,101921,Spike,Field,Water,20MC,PFHxS,73700,3.77,8940,1
101921_Water_NIA_LabBlank,101921,Blank,Lab,Water,20MC,PFHxS,0,3.78,7340,1
101921_Water_NIA_FieldBlank,101921,Blank,Field,Water,20MC,PFHxS,0,3.76,10500,1
101921_Water_NIA_Sample1,101921,Sample,Field,Water,20MC,PFHxS,3440,3.75,11500,100
101921_Water_NIA_Sample2,101921,Sample,Field,Water,20MC,PFHxS,6630,3.75,10600,100
101921_Water_NIA_Sample3,101921,Sample,Field,Water,20MC,PFHxS,5600,3.77,9670,100
101921_Water_NIA__Sample4,101921,Sample,Field,Water,20MC,PFHxS,0,3.82,12000,100
101921_Water_NIA__Spike1,101921,Spike,Field,Water,20MC,PFHxS,29900,3.81,8510,1
101921_Water_NIA__Spike2,101921,Spike,Field,Water,20MC,PFHxS,24500,3.77,9040,1
0 ng/mL,101921,Calibration curve,Lab,Water,N/A,PFNA,0,0,259000,1
0.2 ng/mL,101921,Calibration curve,Lab,Water,N/A,PFNA,8790,4.15,293000,1
0.4 ng/mL,101921,Calibration curve,Lab,Water,N/A,PFNA,14200,4.12,311000,1
1 ng/mL,101921,Calibration curve,Lab,Water,N/A,PFNA,33800,4.12,255000,1
2 ng/mL,101921,Calibration curve,Lab,Water,N/A,PFNA,64200,4.12,288000,1
4 ng/mL,101921,Calibration curve,Lab,Water,N/A,PFNA,170000,4.11,208000,1
10 ng/mL,101921,Calibration curve,Lab,Water,N/A,PFNA,411000,4.11,211000,1
20 ng/mL,101921,Calibration curve,Lab,Water,N/A,PFNA,764000,4.11,206000,1
40 ng/mL,101921,Calibration curve,Lab,Water,N/A,PFNA,1280000,4.09,198000,1
100 ng/mL,101921,Calibration curve,Lab,Water,N/A,PFNA,3330000,4.09,182000,1
101921_Water_20MC_LabBlank,101921,Blank,Lab,Water,20MC,PFNA,6870,4.09,207000,1
101921_Water_20MC_FieldBlank,101921,Blank,Field,Water,20MC,PFNA,12500,4.1,202000,1
101921_Water_20MC_Sample1,101921,Sample,Field,Water,20MC,PFNA,8850,4.08,202000,100
101921_Water_20MC_Sample2,101921,Sample,Field,Water,20MC,PFNA,0,4.08,208000,100
101921_Water_20MC_Sample3,101921,Sample,Field,Water,20MC,PFNA,9370,4.09,205000,100
101921_Water_20MC__Spike1,101921,Spike,Field,Water,20MC,PFNA,834000,4.08,216000,1
101921_Water_20MC__Spike2,101921,Spike,Field,Water,20MC,PFNA,1060000,4.07,200000,1
101921_Water_NIA_LabBlank,101921,Blank,Lab,Water,20MC,PFNA,4230,4.07,202000,1
101921_Water_NIA_FieldBlank,101921,Blank,Field,Water,20MC,PFNA,0,4.15,259000,1
101921_Water_NIA_Sample1,101921,Sample,Field,Water,20MC,PFNA,17200,4.12,293000,100
101921_Water_NIA_Sample2,101921,Sample,Field,Water,20MC,PFNA,19700,4.12,311000,100
101921_Water_NIA_Sample3,101921,Sample,Field,Water,20MC,PFNA,18100,4.12,255000,100
101921_Water_NIA__Sample4,101921,Sample,Field,Water,20MC,PFNA,20100,4.11,288000,100
101921_Water_NIA__Spike1,101921,Spike,Field,Water,20MC,PFNA,485000,4.11,208000,1
101921_Water_NIA__Spike2,101921,Spike,Field,Water,20MC,PFNA,645000,4.11,211000,1
0 ng/mL,101921,Calibration curve,Lab,Water,N/A,PFOA,2350,0,244000,1
0.2 ng/mL,101921,Calibration curve,Lab,Water,N/A,PFOA,7860,3.96,302000,1
0.4 ng/mL,101921,Calibration curve,Lab,Water,N/A,PFOA,13600,3.96,255000,1
1 ng/mL,101921,Calibration curve,Lab,Water,N/A,PFOA,30400,3.96,230000,1
2 ng/mL,101921,Calibration curve,Lab,Water,N/A,PFOA,61700,3.96,270000,1
4 ng/mL,101921,Calibration curve,Lab,Water,N/A,PFOA,140000,3.95,211000,1
10 ng/mL,101921,Calibration curve,Lab,Water,N/A,PFOA,385000,3.95,237000,1
20 ng/mL,101921,Calibration curve,Lab,Water,N/A,PFOA,743000,3.93,255000,1
40 ng/mL,101921,Calibration curve,Lab,Water,N/A,PFOA,1340000,3.93,260000,1
100 ng/mL,101921,Calibration curve,Lab,Water,N/A,PFOA,3180000,3.93,356000,1
101921_Water_20MC_LabBlank,101921,Blank,Lab,Water,20MC,PFOA,22600,3.93,226000,1
101921_Water_20MC_FieldBlank,101921,Blank,Field,Water,20MC,PFOA,51600,3.92,215000,1
101921_Water_20MC_Sample1,101921,Sample,Field,Water,20MC,PFOA,41300,3.91,198000,100
101921_Water_20MC_Sample2,101921,Sample,Field,Water,20MC,PFOA,44000,3.92,211000,100
101921_Water_20MC_Sample3,101921,Sample,Field,Water,20MC,PFOA,40900,3.92,231000,100
101921_Water_20MC__Spike1,101921,Spike,Field,Water,20MC,PFOA,846000,3.91,231000,1
101921_Water_20MC__Spike2,101921,Spike,Field,Water,20MC,PFOA,1240000,3.91,212000,1
101921_Water_NIA_LabBlank,101921,Blank,Lab,Water,20MC,PFOA,25000,3.88,232000,1
101921_Water_NIA_FieldBlank,101921,Blank,Field,Water,20MC,PFOA,25100,3.88,244000,1
101921_Water_NIA_Sample1,101921,Sample,Field,Water,20MC,PFOA,563000,3.89,302000,100
101921_Water_NIA_Sample2,101921,Sample,Field,Water,20MC,PFOA,408000,3.91,255000,100
101921_Water_NIA_Sample3,101921,Sample,Field,Water,20MC,PFOA,411000,3.88,230000,100
101921_Water_NIA__Sample4,101921,Sample,Field,Water,20MC,PFOA,362000,3.97,270000,100
101921_Water_NIA__Spike1,101921,Spike,Field,Water,20MC,PFOA,497000,3.96,211000,1
101921_Water_NIA__Spike2,101921,Spike,Field,Water,20MC,PFOA,525000,3.96,237000,1
0 ng/mL,101921,Calibration curve,Lab,Water,N/A,PFOS,0,0,6320,1
0.2 ng/mL,101921,Calibration curve,Lab,Water,N/A,PFOS,164,4.05,9210,1
0.4 ng/mL,101921,Calibration curve,Lab,Water,N/A,PFOS,811,4.01,9800,1
1 ng/mL,101921,Calibration curve,Lab,Water,N/A,PFOS,2180,4.04,7340,1
2 ng/mL,101921,Calibration curve,Lab,Water,N/A,PFOS,3260,4.03,8750,1
4 ng/mL,101921,Calibration curve,Lab,Water,N/A,PFOS,9070,4.03,6910,1
10 ng/mL,101921,Calibration curve,Lab,Water,N/A,PFOS,19900,4.04,6780,1
20 ng/mL,101921,Calibration curve,Lab,Water,N/A,PFOS,35000,4.02,6980,1
40 ng/mL,101921,Calibration curve,Lab,Water,N/A,PFOS,60800,4.03,6340,1
100 ng/mL,101921,Calibration curve,Lab,Water,N/A,PFOS,142000,4.03,6340,1
101921_Water_20MC_LabBlank,101921,Blank,Lab,Water,20MC,PFOS,205,4.02,6850,1
101921_Water_20MC_FieldBlank,101921,Blank,Field,Water,20MC,PFOS,300,4.01,5590,1
101921_Water_20MC_Sample1,101921,Sample,Field,Water,20MC,PFOS,191,4.02,7100,100
101921_Water_20MC_Sample2,101921,Sample,Field,Water,20MC,PFOS,178,4.05,6090,100
101921_Water_20MC_Sample3,101921,Sample,Field,Water,20MC,PFOS,232,4.01,7480,100
101921_Water_20MC__Spike1,101921,Spike,Field,Water,20MC,PFOS,31400,4.04,7190,1
101921_Water_20MC__Spike2,101921,Spike,Field,Water,20MC,PFOS,19100,4.03,5270,1
101921_Water_NIA_LabBlank,101921,Blank,Lab,Water,20MC,PFOS,0,4.03,7020,1
101921_Water_NIA_FieldBlank,101921,Blank,Field,Water,20MC,PFOS,0,4.04,6320,1
101921_Water_NIA_Sample1,101921,Sample,Field,Water,20MC,PFOS,1570,4.02,9210,100
101921_Water_NIA_Sample2,101921,Sample,Field,Water,20MC,PFOS,7900,4.03,9800,100
101921_Water_NIA_Sample3,101921,Sample,Field,Water,20MC,PFOS,15200,4.03,7340,100
101921_Water_NIA__Sample4,101921,Sample,Field,Water,20MC,PFOS,1270,4.02,8750,100
101921_Water_NIA__Spike1,101921,Spike,Field,Water,20MC,PFOS,50500,4.01,6910,1
101921_Water_NIA__Spike2,101921,Spike,Field,Water,20MC,PFOS,66800,4.02,6780,1
0.2 ng/mL,102521,Calibration curve,Lab,Sediment,N/A,PFDA,42600,4.3,281000,1
0.4 ng/mL,102521,Calibration curve,Lab,Sediment,N/A,PFDA,74800,4.28,324000,1
0 ng/mL,102521,Calibration curve,Lab,Sediment,N/A,PFDA,0,0,208000,1
100 ng/mL,102521,Calibration curve,Lab,Sediment,N/A,PFDA,6780000,4.25,116000,1
10 ng/mL,102521,Calibration curve,Lab,Sediment,N/A,PFDA,963000,4.27,176000,1
1 ng/mL,102521,Calibration curve,Lab,Sediment,N/A,PFDA,114000,4.28,227000,1
20 ng/mL,102521,Calibration curve,Lab,Sediment,N/A,PFDA,1680000,4.27,172000,1
2 ng/mL,102521,Calibration curve,Lab,Sediment,N/A,PFDA,203000,4.27,252000,1
40 ng/mL,102521,Calibration curve,Lab,Sediment,N/A,PFDA,2700000,4.25,186000,1
4 ng/mL,102521,Calibration curve,Lab,Sediment,N/A,PFDA,382000,4.27,175000,1
102521_CHM4110_GroupC_20MC_Sediment_Spike,102521,Spike,Field,Sediment,20MC,PFDA,154500,4.21,52400,1
102521_CHM4110_GroupC_20MC_Sediment_FieldBlank,102521,Blank,Field,Sediment,20MC,PFDA,4580,4.2,87700,1
102521_CHM4110_GroupC_20MC_Sediment_LabBlank,102521,Blank,Lab,Sediment,20MC,PFDA,3440,4.21,45600,1
102521_CHM4110_GroupC_20MC_Sediment1,102521,Sample,Field,Sediment,20MC,PFDA,75090,4.17,73900,1.075
102521_CHM4110_GroupC_20MC_Sediment2,102521,Sample,Field,Sediment,20MC,PFDA,70820,4.17,58100,0.9522
102521_CHM4110_GroupC_20MC_Sediment3,102521,Sample,Field,Sediment,20MC,PFDA,21600,4.17,25000,0.9842
0.2 ng/mL,102521,Calibration curve,Lab,Sediment,N/A,PFHpA,32900,3.8,302000,1
0.4 ng/mL,102521,Calibration curve,Lab,Sediment,N/A,PFHpA,50600,3.78,255000,1
0 ng/mL,102521,Calibration curve,Lab,Sediment,N/A,PFHpA,0,0,244000,1
100 ng/mL,102521,Calibration curve,Lab,Sediment,N/A,PFHpA,6720000,3.76,356000,1
10 ng/mL,102521,Calibration curve,Lab,Sediment,N/A,PFHpA,956000,3.77,237000,1
1 ng/mL,102521,Calibration curve,Lab,Sediment,N/A,PFHpA,96500,3.79,230000,1
20 ng/mL,102521,Calibration curve,Lab,Sediment,N/A,PFHpA,1700000,3.77,255000,1
2 ng/mL,102521,Calibration curve,Lab,Sediment,N/A,PFHpA,187000,3.78,270000,1
40 ng/mL,102521,Calibration curve,Lab,Sediment,N/A,PFHpA,2650000,3.76,260000,1
4 ng/mL,102521,Calibration curve,Lab,Sediment,N/A,PFHpA,350000,3.78,211000,1
102521_CHM4110_GroupC_20MC_Sediment_Spike,102521,Spike,Field,Sediment,20MC,PFHpA,176000,3.77,62200,1
102521_CHM4110_GroupC_20MC_Sediment_FieldBlank,102521,Blank,Field,Sediment,20MC,PFHpA,2013,4.2,145000,1
102521_CHM4110_GroupC_20MC_Sediment_LabBlank,102521,Blank,Lab,Sediment,20MC,PFHpA,328,4.18,100000,1
102521_CHM4110_GroupC_20MC_Sediment1,102521,Sample,Field,Sediment,20MC,PFHpA,11260,3.78,46700,1.075
102521_CHM4110_GroupC_20MC_Sediment2,102521,Sample,Field,Sediment,20MC,PFHpA,9280,3.77,40900,0.9522
102521_CHM4110_GroupC_20MC_Sediment3,102521,Sample,Field,Sediment,20MC,PFHpA,20500,3.78,42100,0.9842
0.2 ng/mL,102521,Calibration curve,Lab,Sediment,N/A,PFHxA,28400,3.62,174000,1
0.4 ng/mL,102521,Calibration curve,Lab,Sediment,N/A,PFHxA,45100,3.62,169000,1
0 ng/mL,102521,Calibration curve,Lab,Sediment,N/A,PFHxA,0,0,160000,1
100 ng/mL,102521,Calibration curve,Lab,Sediment,N/A,PFHxA,7210000,3.58,153000,1
10 ng/mL,102521,Calibration curve,Lab,Sediment,N/A,PFHxA,1100000,3.6,151000,1
1 ng/mL,102521,Calibration curve,Lab,Sediment,N/A,PFHxA,90900,3.61,168000,1
20 ng/mL,102521,Calibration curve,Lab,Sediment,N/A,PFHxA,1900000,3.6,170000,1
2 ng/mL,102521,Calibration curve,Lab,Sediment,N/A,PFHxA,184000,3.6,174000,1
40 ng/mL,102521,Calibration curve,Lab,Sediment,N/A,PFHxA,3050000,3.59,146000,1
4 ng/mL,102521,Calibration curve,Lab,Sediment,N/A,PFHxA,384000,3.61,141000,1
102521_CHM4110_GroupC_20MC_Sediment_Spike,102521,Spike,Field,Sediment,20MC,PFHxA,492900,3.55,162000,1
102521_CHM4110_GroupC_20MC_Sediment_FieldBlank,102521,Blank,Field,Sediment,20MC,PFHxA,6560,3.61,77400,1
102521_CHM4110_GroupC_20MC_Sediment_LabBlank,102521,Blank,Lab,Sediment,20MC,PFHxA,7170,3.6,89500,1
102521_CHM4110_GroupC_20MC_Sediment1,102521,Sample,Field,Sediment,20MC,PFHxA,40000,3.58,86700,1.075
102521_CHM4110_GroupC_20MC_Sediment2,102521,Sample,Field,Sediment,20MC,PFHxA,48763,3.59,58000,0.9522
102521_CHM4110_GroupC_20MC_Sediment3,102521,Sample,Field,Sediment,20MC,PFHxA,78000,3.6,42100,0.9842
0.2 ng/mL,102521,Calibration curve,Lab,Sediment,N/A,PFHxS,1640,3.81,174000,1
0.4 ng/mL,102521,Calibration curve,Lab,Sediment,N/A,PFHxS,2230,3.77,169000,1
0 ng/mL,102521,Calibration curve,Lab,Sediment,N/A,PFHxS,0,0,160000,1
100 ng/mL,102521,Calibration curve,Lab,Sediment,N/A,PFHxS,340000,3.75,185000,1
10 ng/mL,102521,Calibration curve,Lab,Sediment,N/A,PFHxS,47000,3.78,151000,1
1 ng/mL,102521,Calibration curve,Lab,Sediment,N/A,PFHxS,5002,3.8,168000,1
20 ng/mL,102521,Calibration curve,Lab,Sediment,N/A,PFHxS,92600,3.76,170000,1
2 ng/mL,102521,Calibration curve,Lab,Sediment,N/A,PFHxS,9650,3.77,174000,1
40 ng/mL,102521,Calibration curve,Lab,Sediment,N/A,PFHxS,150000,3.75,146000,1
4 ng/mL,102521,Calibration curve,Lab,Sediment,N/A,PFHxS,20100,3.77,141000,1
102521_CHM4110_GroupC_20MC_Sediment_Spike,102521,Spike,Field,Sediment,20MC,PFHxS,1901,3.72,8600,1
102521_CHM4110_GroupC_20MC_Sediment_FieldBlank,102521,Blank,Field,Sediment,20MC,PFHxS,0,0,87300,1
102521_CHM4110_GroupC_20MC_Sediment_LabBlank,102521,Blank,Lab,Sediment,20MC,PFHxS,0,0,172000,1
102521_CHM4110_GroupC_20MC_Sediment1,102521,Sample,Field,Sediment,20MC,PFHxS,1700,3.85,1320,1.075
102521_CHM4110_GroupC_20MC_Sediment2,102521,Sample,Field,Sediment,20MC,PFHxS,281,3.85,2910,0.9522
102521_CHM4110_GroupC_20MC_Sediment3,102521,Sample,Field,Sediment,20MC,PFHxS,277,3.85,1320,0.9842
0.2 ng/mL,102521,Calibration curve,Lab,Sediment,N/A,PFNA,52600,4.15,255000,1
0.4 ng/mL,102521,Calibration curve,Lab,Sediment,N/A,PFNA,71900,4.12,288000,1
0 ng/mL,102521,Calibration curve,Lab,Sediment,N/A,PFNA,0,0,311000,1
100 ng/mL,102521,Calibration curve,Lab,Sediment,N/A,PFNA,7610000,4.09,202000,1
10 ng/mL,102521,Calibration curve,Lab,Sediment,N/A,PFNA,1130000,4.11,198000,1
1 ng/mL,102521,Calibration curve,Lab,Sediment,N/A,PFNA,116000,4.12,208000,1
20 ng/mL,102521,Calibration curve,Lab,Sediment,N/A,PFNA,1950000,4.11,182000,1
2 ng/mL,102521,Calibration curve,Lab,Sediment,N/A,PFNA,217000,4.12,211000,1
40 ng/mL,102521,Calibration curve,Lab,Sediment,N/A,PFNA,3210000,4.09,207000,1
4 ng/mL,102521,Calibration curve,Lab,Sediment,N/A,PFNA,448000,4.11,206000,1
102521_CHM4110_GroupC_20MC_Sediment_Spike,102521,Spike,Field,Sediment,20MC,PFNA,506500,4.02,132000,1
102521_CHM4110_GroupC_20MC_Sediment_FieldBlank,102521,Blank,Field,Sediment,20MC,PFNA,2880,4.01,7281,1
102521_CHM4110_GroupC_20MC_Sediment_LabBlank,102521,Blank,Lab,Sediment,20MC,PFNA,2500,4,8940,1
102521_CHM4110_GroupC_20MC_Sediment1,102521,Sample,Field,Sediment,20MC,PFNA,72300,4.06,252000,1.075
102521_CHM4110_GroupC_20MC_Sediment2,102521,Sample,Field,Sediment,20MC,PFNA,87020,4.06,212000,0.9522
102521_CHM4110_GroupC_20MC_Sediment3,102521,Sample,Field,Sediment,20MC,PFNA,98210,0,155000,0.9842
0.2 ng/mL,102521,Calibration curve,Lab,Sediment,N/A,PFOA,44900,3.97,202000,1
0.4 ng/mL,102521,Calibration curve,Lab,Sediment,N/A,PFOA,54900,3.96,255000,1
0 ng/mL,102521,Calibration curve,Lab,Sediment,N/A,PFOA,0,0,234000,1
100 ng/mL,102521,Calibration curve,Lab,Sediment,N/A,PFOA,7880000,3.93,356000,1
10 ng/mL,102521,Calibration curve,Lab,Sediment,N/A,PFOA,1080000,3.95,237000,1
1 ng/mL,102521,Calibration curve,Lab,Sediment,N/A,PFOA,108000,3.96,230000,1
20 ng/mL,102521,Calibration curve,Lab,Sediment,N/A,PFOA,2080000,3.95,255000,1
2 ng/mL,102521,Calibration curve,Lab,Sediment,N/A,PFOA,220000,3.96,270000,1
40 ng/mL,102521,Calibration curve,Lab,Sediment,N/A,PFOA,3440000,3.93,260000,1
4 ng/mL,102521,Calibration curve,Lab,Sediment,N/A,PFOA,430000,3.96,211000,1
102521_CHM4110_GroupC_20MC_Sediment_Spike,102521,Spike,Field,Sediment,20MC,PFOA,640000,3.88,225000,1
102521_CHM4110_GroupC_20MC_Sediment_FieldBlank,102521,Blank,Field,Sediment,20MC,PFOA,22500,3.89,155000,1
102521_CHM4110_GroupC_20MC_Sediment_LabBlank,102521,Blank,Lab,Sediment,20MC,PFOA,24900,3.88,252000,1
102521_CHM4110_GroupC_20MC_Sediment1,102521,Sample,Field,Sediment,20MC,PFOA,57000,3.91,86000,1.075
102521_CHM4110_GroupC_20MC_Sediment2,102521,Sample,Field,Sediment,20MC,PFOA,56807,3.87,100000,0.9522
102521_CHM4110_GroupC_20MC_Sediment3,102521,Sample,Field,Sediment,20MC,PFOA,35200,3.93,113000,0.9842
0.2 ng/mL,102521,Calibration curve,Lab,Sediment,N/A,PFOS,1260,4.12,8750,1
0.4 ng/mL,102521,Calibration curve,Lab,Sediment,N/A,PFOS,2420,4.11,6910,1
0 ng/mL,102521,Calibration curve,Lab,Sediment,N/A,PFOS,0,0,7340,1
100 ng/mL,102521,Calibration curve,Lab,Sediment,N/A,PFOS,278000,4.07,7100,1
10 ng/mL,102521,Calibration curve,Lab,Sediment,N/A,PFOS,36200,4.09,6340,1
1 ng/mL,102521,Calibration curve,Lab,Sediment,N/A,PFOS,3900,4.11,6780,1
20 ng/mL,102521,Calibration curve,Lab,Sediment,N/A,PFOS,65100,4.09,6850,1
2 ng/mL,102521,Calibration curve,Lab,Sediment,N/A,PFOS,7970,4.1,6980,1
40 ng/mL,102521,Calibration curve,Lab,Sediment,N/A,PFOS,120000,4.08,5590,1
4 ng/mL,102521,Calibration curve,Lab,Sediment,N/A,PFOS,16800,4.08,6340,1
102521_CHM4110_GroupC_20MC_Sediment_Spike,102521,Spike,Field,Sediment,20MC,PFOS,14360,4.02,3520,1
102521_CHM4110_GroupC_20MC_Sediment_FieldBlank,102521,Blank,Field,Sediment,20MC,PFOS,4030,4.03,8700,1
102521_CHM4110_GroupC_20MC_Sediment_LabBlank,102521,Blank,Lab,Sediment,20MC,PFOS,4710,4.03,9900,1
102521_CHM4110_GroupC_20MC_Sediment1,102521,Sample,Field,Sediment,20MC,PFOS,10900,4.02,2700,1.075
102521_CHM4110_GroupC_20MC_Sediment2,102521,Sample,Field,Sediment,20MC,PFOS,12300,4,4000,0.9522
102521_CHM4110_GroupC_20MC_Sediment3,102521,Sample,Field,Sediment,20MC,PFOS,15000,4.04,2660,0.9842
102521_CHM4110_GroupD_NIA_Sediment_Spike,102521,Spike,Field,Sediment,NIA,PFDA,18800,4.15,65200,1
102521_CHM4110_GroupD_NIA_Sediment_FieldBlank,102521,Blank,Field,Sediment,NIA,PFDA,200800,4.15,82200,1
102521_CHM4110_GroupD_NIA_Sediment_LabBlank,102521,Blank,Lab,Sediment,NIA,PFDA,5980,4.15,88100,1
102521_CHM4110_GroupD_NIA_Sediment1,102521,Sample,Field,Sediment,NIA,PFDA,680,4.16,87900,1.0623
102521_CHM4110_GroupD_NIA_Sediment2,102521,Sample,Field,Sediment,NIA,PFDA,604404,4.16,113000,0.9686
102521_CHM4110_GroupD_NIA_Sediment3,102521,Sample,Field,Sediment,NIA,PFDA,632600,4.16,50000,1.2429
102521_CHM4110_GroupD_NIA_Sediment_Spike,102521,Spike,Field,Sediment,NIA,PFHpA,239600,3.78,46700,1
102521_CHM4110_GroupD_NIA_Sediment_FieldBlank,102521,Blank,Field,Sediment,NIA,PFHpA,237,4.2,122000,1
102521_CHM4110_GroupD_NIA_Sediment_LabBlank,102521,Blank,Lab,Sediment,NIA,PFHpA,2734,4.19,86000,1
102521_CHM4110_GroupD_NIA_Sediment1,102521,Sample,Field,Sediment,NIA,PFHpA,239600,3.79,64800,1.0623
102521_CHM4110_GroupD_NIA_Sediment2,102521,Sample,Field,Sediment,NIA,PFHpA,239600,3.77,44000,0.9686
102521_CHM4110_GroupD_NIA_Sediment3,102521,Sample,Field,Sediment,NIA,PFHpA,243200,3.76,32200,1.2429
102521_CHM4110_GroupD_NIA_Sediment_Spike,102521,Spike,Field,Sediment,NIA,PFHxA,710100,3.6,153000,1
102521_CHM4110_GroupD_NIA_Sediment_FieldBlank,102521,Blank,Field,Sediment,NIA,PFHxA,649,3.61,143000,1
102521_CHM4110_GroupD_NIA_Sediment_LabBlank,102521,Blank,Lab,Sediment,NIA,PFHxA,349,3.62,83900,1
102521_CHM4110_GroupD_NIA_Sediment1,102521,Sample,Field,Sediment,NIA,PFHxA,720500,3.6,52200,1.0623
102521_CHM4110_GroupD_NIA_Sediment2,102521,Sample,Field,Sediment,NIA,PFHxA,654314,3.6,65000,0.9686
102521_CHM4110_GroupD_NIA_Sediment3,102521,Sample,Field,Sediment,NIA,PFHxA,670200,3.61,31100,1.2429
102521_CHM4110_GroupD_NIA_Sediment_Spike,102521,Spike,Field,Sediment,NIA,PFHxS,780,3.77,2860,1
102521_CHM4110_GroupD_NIA_Sediment_FieldBlank,102521,Blank,Field,Sediment,NIA,PFHxS,0,0,1340,1
102521_CHM4110_GroupD_NIA_Sediment_LabBlank,102521,Blank,Lab,Sediment,NIA,PFHxS,0,0,4590,1
102521_CHM4110_GroupD_NIA_Sediment1,102521,Sample,Field,Sediment,NIA,PFHxS,872,3.74,1520,1.0623
102521_CHM4110_GroupD_NIA_Sediment2,102521,Sample,Field,Sediment,NIA,PFHxS,881,3.74,1590,0.9686
102521_CHM4110_GroupD_NIA_Sediment3,102521,Sample,Field,Sediment,NIA,PFHxS,749,3.73,1610,1.2429
102521_CHM4110_GroupD_NIA_Sediment_Spike,102521,Spike,Field,Sediment,NIA,PFNA,609100,4.06,83000,1
102521_CHM4110_GroupD_NIA_Sediment_FieldBlank,102521,Blank,Field,Sediment,NIA,PFNA,5570,4.06,6726,1
102521_CHM4110_GroupD_NIA_Sediment_LabBlank,102521,Blank,Lab,Sediment,NIA,PFNA,693,4.06,8910,1
102521_CHM4110_GroupD_NIA_Sediment1,102521,Sample,Field,Sediment,NIA,PFNA,534090,4.06,231000,1.0623
102521_CHM4110_GroupD_NIA_Sediment2,102521,Sample,Field,Sediment,NIA,PFNA,190400,4.06,120000,0.9686
102521_CHM4110_GroupD_NIA_Sediment3,102521,Sample,Field,Sediment,NIA,PFNA,178000,4.06,95400,1.2429
102521_CHM4110_GroupD_NIA_Sediment_Spike,102521,Spike,Field,Sediment,NIA,PFOA,883000,3.87,211000,1
102521_CHM4110_GroupD_NIA_Sediment_FieldBlank,102521,Blank,Field,Sediment,NIA,PFOA,1670,3.87,212000,1
102521_CHM4110_GroupD_NIA_Sediment_LabBlank,102521,Blank,Lab,Sediment,NIA,PFOA,978,3.87,195000,1
102521_CHM4110_GroupD_NIA_Sediment1,102521,Sample,Field,Sediment,NIA,PFOA,670800,3.88,100000,1.0623
102521_CHM4110_GroupD_NIA_Sediment2,102521,Sample,Field,Sediment,NIA,PFOA,470300,3.88,110000,0.9686
102521_CHM4110_GroupD_NIA_Sediment3,102521,Sample,Field,Sediment,NIA,PFOA,49540,3.88,69400,1.2429
102521_CHM4110_GroupD_NIA_Sediment_Spike,102521,Spike,Field,Sediment,NIA,PFOS,12203,4.02,2360,1
102521_CHM4110_GroupD_NIA_Sediment_FieldBlank,102521,Blank,Field,Sediment,NIA,PFOS,90071,4.03,172000,1
102521_CHM4110_GroupD_NIA_Sediment_LabBlank,102521,Blank,Lab,Sediment,NIA,PFOS,8050,4.04,12000,1
102521_CHM4110_GroupD_NIA_Sediment1,102521,Sample,Field,Sediment,NIA,PFOS,41200,4.02,5160,1.0623
102521_CHM4110_GroupD_NIA_Sediment2,102521,Sample,Field,Sediment,NIA,PFOS,38700,4.03,2370,0.9686
102521_CHM4110_GroupD_NIA_Sediment3,102521,Sample,Field,Sediment,NIA,PFOS,64009,4.03,6090,1.2429
102521_CHM4110_GroupE_NIA_Sediment_Spike,102521,Spike,Field,Sediment,NIA,PFDA,302800,4.17,87700,1
102521_CHM4110_GroupE_NIA_Sediment_FieldBlank,102521,Blank,Field,Sediment,NIA,PFDA,274,4.17,45600,1
102521_CHM4110_GroupE_NIA_Sediment_LabBlank,102521,Blank,Lab,Sediment,NIA,PFDA,6230,4.16,49200,1
102521_CHM4110_GroupE_NIA_Sediment1,102521,Sample,Field,Sediment,NIA,PFDA,607000,4.16,44100,0.9943
102521_CHM4110_GroupE_NIA_Sediment2,102521,Sample,Field,Sediment,NIA,PFDA,810090,4.16,38000,0.9891
102521_CHM4110_GroupE_NIA_Sediment3,102521,Sample,Field,Sediment,NIA,PFDA,970050,4.16,56400,1.0455
102521_CHM4110_GroupE_NIA_Sediment_Spike,102521,Spike,Field,Sediment,NIA,PFHpA,151000,3.78,44000,1
102521_CHM4110_GroupE_NIA_Sediment_FieldBlank,102521,Blank,Field,Sediment,NIA,PFHpA,8273,4.2,211000,1
102521_CHM4110_GroupE_NIA_Sediment_LabBlank,102521,Blank,Lab,Sediment,NIA,PFHpA,2832,4.19,264000,1
102521_CHM4110_GroupE_NIA_Sediment1,102521,Sample,Field,Sediment,NIA,PFHpA,89000,3.76,20500,0.9943
102521_CHM4110_GroupE_NIA_Sediment2,102521,Sample,Field,Sediment,NIA,PFHpA,218600,3.78,64800,0.9891
102521_CHM4110_GroupE_NIA_Sediment3,102521,Sample,Field,Sediment,NIA,PFHpA,239600,3.8,20500,1.0455
102521_CHM4110_GroupE_NIA_Sediment_Spike,102521,Spike,Field,Sediment,NIA,PFHxA,596000,3.58,124000,1
102521_CHM4110_GroupE_NIA_Sediment_FieldBlank,102521,Blank,Field,Sediment,NIA,PFHxA,7263,3.6,728340,1
102521_CHM4110_GroupE_NIA_Sediment_LabBlank,102521,Blank,Lab,Sediment,NIA,PFHxA,7630,3.59,92512,1
102521_CHM4110_GroupE_NIA_Sediment1,102521,Sample,Field,Sediment,NIA,PFHxA,756300,3.59,50000,0.9943
102521_CHM4110_GroupE_NIA_Sediment2,102521,Sample,Field,Sediment,NIA,PFHxA,633300,3.61,104000,0.9891
102521_CHM4110_GroupE_NIA_Sediment3,102521,Sample,Field,Sediment,NIA,PFHxA,820500,3.58,65000,1.0455
102521_CHM4110_GroupE_NIA_Sediment_Spike,102521,Spike,Field,Sediment,NIA,PFHxS,2710,3.7,17283,1
102521_CHM4110_GroupE_NIA_Sediment_FieldBlank,102521,Blank,Field,Sediment,NIA,PFHxS,0,0,3520,1
102521_CHM4110_GroupE_NIA_Sediment_LabBlank,102521,Blank,Lab,Sediment,NIA,PFHxS,0,0,2610,1
102521_CHM4110_GroupE_NIA_Sediment1,102521,Sample,Field,Sediment,NIA,PFHxS,1770,3.76,3520,0.9943
102521_CHM4110_GroupE_NIA_Sediment2,102521,Sample,Field,Sediment,NIA,PFHxS,1740,3.75,2910,0.9891
102521_CHM4110_GroupE_NIA_Sediment3,102521,Sample,Field,Sediment,NIA,PFHxS,1650,3.75,8000,1.0455
102521_CHM4110_GroupE_NIA_Sediment_Spike,102521,Spike,Field,Sediment,NIA,PFNA,412000,4.06,119000,1
102521_CHM4110_GroupE_NIA_Sediment_FieldBlank,102521,Blank,Field,Sediment,NIA,PFNA,466,4.06,9300,1
102521_CHM4110_GroupE_NIA_Sediment_LabBlank,102521,Blank,Lab,Sediment,NIA,PFNA,2170,4.06,9060,1
102521_CHM4110_GroupE_NIA_Sediment1,102521,Sample,Field,Sediment,NIA,PFNA,637000,4.06,96700,0.9943
102521_CHM4110_GroupE_NIA_Sediment2,102521,Sample,Field,Sediment,NIA,PFNA,494500,4.06,242000,0.9891
102521_CHM4110_GroupE_NIA_Sediment3,102521,Sample,Field,Sediment,NIA,PFNA,150700,4.06,107000,1.0455
102521_CHM4110_GroupE_NIA_Sediment_Spike,102521,Spike,Field,Sediment,NIA,PFOA,770000,3.91,264000,1
102521_CHM4110_GroupE_NIA_Sediment_FieldBlank,102521,Blank,Field,Sediment,NIA,PFOA,1280,3.88,242000,1
102521_CHM4110_GroupE_NIA_Sediment_LabBlank,102521,Blank,Lab,Sediment,NIA,PFOA,1550,3.89,211000,1
102521_CHM4110_GroupE_NIA_Sediment1,102521,Sample,Field,Sediment,NIA,PFOA,509300,3.88,86000,0.9943
102521_CHM4110_GroupE_NIA_Sediment2,102521,Sample,Field,Sediment,NIA,PFOA,700300,3.88,122000,0.9891
102521_CHM4110_GroupE_NIA_Sediment3,102521,Sample,Field,Sediment,NIA,PFOA,410200,3.88,84200,1.0455
102521_CHM4110_GroupE_NIA_Sediment_Spike,102521,Spike,Field,Sediment,NIA,PFOS,10120,4.04,2930,1
102521_CHM4110_GroupE_NIA_Sediment_FieldBlank,102521,Blank,Field,Sediment,NIA,PFOS,67500,4.04,138000,1
102521_CHM4110_GroupE_NIA_Sediment_LabBlank,102521,Blank,Lab,Sediment,NIA,PFOS,203000,4.03,246000,1
102521_CHM4110_GroupE_NIA_Sediment1,102521,Sample,Field,Sediment,NIA,PFOS,66009,4.02,5390,0.9943
102521_CHM4110_GroupE_NIA_Sediment2,102521,Sample,Field,Sediment,NIA,PFOS,95400,4,6340,0.9891
102521_CHM4110_GroupE_NIA_Sediment3,102521,Sample,Field,Sediment,NIA,PFOS,38500,4.04,2600,1.0455
102521_CHM4110_GroupF_NIA_Sediment_Spike,102521,Spike,Field,Sediment,NIA,PFDA,93400,4.15,41600,1
102521_CHM4110_GroupF_NIA_Sediment_FieldBlank,102521,Blank,Field,Sediment,NIA,PFDA,6523,4.14,57100,1
102521_CHM4110_GroupF_NIA_Sediment_LabBlank,102521,Blank,Lab,Sediment,NIA,PFDA,8290,4.14,17700,1
102521_CHM4110_GroupF_NIA_Sediment1,102521,Sample,Field,Sediment,NIA,PFDA,681200,4.15,78200,1.0003
102521_CHM4110_GroupF_NIA_Sediment2,102521,Sample,Field,Sediment,NIA,PFDA,499080,4.15,92100,0.9743
102521_CHM4110_GroupF_NIA_Sediment3,102521,Sample,Field,Sediment,NIA,PFDA,656789,4.15,42700,0.9844
102521_CHM4110_GroupF_NIA_Sediment_Spike,102521,Spike,Field,Sediment,NIA,PFHpA,198340,3.77,40900,1
102521_CHM4110_GroupF_NIA_Sediment_FieldBlank,102521,Blank,Field,Sediment,NIA,PFHpA,1750,4.2,100000,1
102521_CHM4110_GroupF_NIA_Sediment_LabBlank,102521,Blank,Lab,Sediment,NIA,PFHpA,1040,4.21,86000,1
102521_CHM4110_GroupF_NIA_Sediment1,102521,Sample,Field,Sediment,NIA,PFHpA,319600,3.79,95000,1.0003
102521_CHM4110_GroupF_NIA_Sediment2,102521,Sample,Field,Sediment,NIA,PFHpA,239600,3.78,95000,0.9743
102521_CHM4110_GroupF_NIA_Sediment3,102521,Sample,Field,Sediment,NIA,PFHpA,231100,3.8,42100,0.9844
102521_CHM4110_GroupF_NIA_Sediment_Spike,102521,Spike,Field,Sediment,NIA,PFHxA,801100,3.59,124000,1
102521_CHM4110_GroupF_NIA_Sediment_FieldBlank,102521,Blank,Field,Sediment,NIA,PFHxA,549,3.62,145000,1
102521_CHM4110_GroupF_NIA_Sediment_LabBlank,102521,Blank,Lab,Sediment,NIA,PFHxA,699,3.6,64800,1
102521_CHM4110_GroupF_NIA_Sediment1,102521,Sample,Field,Sediment,NIA,PFHxA,590500,3.6,41600,1.0003
102521_CHM4110_GroupF_NIA_Sediment2,102521,Sample,Field,Sediment,NIA,PFHxA,690500,3.6,25600,0.9743
102521_CHM4110_GroupF_NIA_Sediment3,102521,Sample,Field,Sediment,NIA,PFHxA,680800,3.61,63000,0.9844
102521_CHM4110_GroupF_NIA_Sediment_Spike,102521,Spike,Field,Sediment,NIA,PFHxS,1660,3.77,3520,1
102521_CHM4110_GroupF_NIA_Sediment_FieldBlank,102521,Blank,Field,Sediment,NIA,PFHxS,0,0,8730,1
102521_CHM4110_GroupF_NIA_Sediment_LabBlank,102521,Blank,Lab,Sediment,NIA,PFHxS,0,0,8000,1
102521_CHM4110_GroupF_NIA_Sediment1,102521,Sample,Field,Sediment,NIA,PFHxS,2080,3.77,1860,1.0003
102521_CHM4110_GroupF_NIA_Sediment2,102521,Sample,Field,Sediment,NIA,PFHxS,4570,3.77,8730,0.9743
102521_CHM4110_GroupF_NIA_Sediment3,102521,Sample,Field,Sediment,NIA,PFHxS,1410,3.77,1340,0.9844
102521_CHM4110_GroupF_NIA_Sediment_Spike,102521,Spike,Field,Sediment,NIA,PFNA,306500,4.06,69800,1
102521_CHM4110_GroupF_NIA_Sediment_FieldBlank,102521,Blank,Field,Sediment,NIA,PFNA,353,4.06,7180,1
102521_CHM4110_GroupF_NIA_Sediment_LabBlank,102521,Blank,Lab,Sediment,NIA,PFNA,271,4.06,8370,1
102521_CHM4110_GroupF_NIA_Sediment1,102521,Sample,Field,Sediment,NIA,PFNA,270600,4.06,211000,1.0003
102521_CHM4110_GroupF_NIA_Sediment2,102521,Sample,Field,Sediment,NIA,PFNA,211000,4.06,155000,0.9743
102521_CHM4110_GroupF_NIA_Sediment3,102521,Sample,Field,Sediment,NIA,PFNA,120900,4.06,99700,0.9844
102521_CHM4110_GroupF_NIA_Sediment_Spike,102521,Spike,Field,Sediment,NIA,PFOA,1102834,3.87,201000,1
102521_CHM4110_GroupF_NIA_Sediment_FieldBlank,102521,Blank,Field,Sediment,NIA,PFOA,2883,3.86,231000,1
102521_CHM4110_GroupF_NIA_Sediment_LabBlank,102521,Blank,Lab,Sediment,NIA,PFOA,1211,3.86,80300,1
102521_CHM4110_GroupF_NIA_Sediment1,102521,Sample,Field,Sediment,NIA,PFOA,700089,3.87,145000,1.0003
102521_CHM4110_GroupF_NIA_Sediment2,102521,Sample,Field,Sediment,NIA,PFOA,499810,3.86,167000,0.9743
102521_CHM4110_GroupF_NIA_Sediment3,102521,Sample,Field,Sediment,NIA,PFOA,491000,3.86,69300,0.9844
102521_CHM4110_GroupF_NIA_Sediment_Spike,102521,Spike,Field,Sediment,NIA,PFOS,9050,4,1950,1
102521_CHM4110_GroupF_NIA_Sediment_FieldBlank,102521,Blank,Field,Sediment,NIA,PFOS,100090,4.02,210000,1
102521_CHM4110_GroupF_NIA_Sediment_LabBlank,102521,Blank,Lab,Sediment,NIA,PFOS,52300,4,106200,1
102521_CHM4110_GroupF_NIA_Sediment1,102521,Sample,Field,Sediment,NIA,PFOS,82700,4.04,8040,1.0003
102521_CHM4110_GroupF_NIA_Sediment2,102521,Sample,Field,Sediment,NIA,PFOS,35070,4.02,2340,0.9743
102521_CHM4110_GroupF_NIA_Sediment3,102521,Sample,Field,Sediment,NIA,PFOS,22600,4.03,2060,0.9844
102521_CHM4110_GroupA_20MC_Biota_2x_BlenderBlank,102521,Blank,Blender,Biota,20MC,PFDA,5.73E+03,4.17,5.24E+04,1
102521_CHM4110_GroupA_20MC_Biota_2x_BlenderBlank,102521,Blank,Blender,Biota,20MC,PFHpA,9.90E+02,3.77,2.93E+04,1
102521_CHM4110_GroupA_20MC_Biota_2x_BlenderBlank,102521,Blank,Blender,Biota,20MC,PFHxA,3.27E+02,3.61,8.93E+04,1
102521_CHM4110_GroupA_20MC_Biota_2x_BlenderBlank,102521,Blank,Blender,Biota,20MC,PFHxS,8.29E+02,3.76,1.52E+04,1
102521_CHM4110_GroupA_20MC_Biota_2x_BlenderBlank,102521,Blank,Blender,Biota,20MC,PFNA,1.33E+03,4.11,6.98E+04,1
102521_CHM4110_GroupA_20MC_Biota_2x_BlenderBlank,102521,Blank,Blender,Biota,20MC,PFOA,5.94E+03,3.95,2.01E+05,1
102521_CHM4110_GroupA_20MC_Biota_2x_BlenderBlank,102521,Blank,Blender,Biota,20MC,PFOS,1.20E+02,4.09,1.95E+03,1
102521_CHM4110_GroupA_20MC_Biota_2x_HomogenizerBlank,102521,Blank,Homogenizer,Biota,20MC,PFDA,5.85E+03,4.17,1.98E+05,1
102521_CHM4110_GroupA_20MC_Biota_2x_HomogenizerBlank,102521,Blank,Homogenizer,Biota,20MC,PFHpA,2.32E+02,3.78,2.38E+04,1
102521_CHM4110_GroupA_20MC_Biota_2x_HomogenizerBlank,102521,Blank,Homogenizer,Biota,20MC,PFHxA,1.72E+02,3.6,9.28E+04,1
102521_CHM4110_GroupA_20MC_Biota_2x_HomogenizerBlank,102521,Blank,Homogenizer,Biota,20MC,PFHxS,7.16E+02,3.77,1.59E+04,1
102521_CHM4110_GroupA_20MC_Biota_2x_HomogenizerBlank,102521,Blank,Homogenizer,Biota,20MC,PFNA,9.23E+02,4.12,7.28E+03,1
102521_CHM4110_GroupA_20MC_Biota_2x_HomogenizerBlank,102521,Blank,Homogenizer,Biota,20MC,PFOA,5.85E+03,3.96,1.55E+05,1
102521_CHM4110_GroupA_20MC_Biota_2x_HomogenizerBlank,102521,Blank,Homogenizer,Biota,20MC,PFOS,1.23E+02,4.09,8.70E+03,1
102521_CHM4110_GroupA_20MC_Biota_2x_UnknownFish1,102521,Sample,Blender,Biota,20MC,PFDA,1.31E+04,4.17,1.26E+05,1.879
102521_CHM4110_GroupA_20MC_Biota_2x_UnknownFish1,102521,Sample,Blender,Biota,20MC,PFHpA,1.02E+03,3.76,2.70E+04,1.879
102521_CHM4110_GroupA_20MC_Biota_2x_UnknownFish1,102521,Sample,Blender,Biota,20MC,PFHxA,1.92E+03,3.6,3.32E+03,1.879
102521_CHM4110_GroupA_20MC_Biota_2x_UnknownFish1,102521,Sample,Blender,Biota,20MC,PFHxS,0.00E+00,0,2.55E+05,1.879
102521_CHM4110_GroupA_20MC_Biota_2x_UnknownFish1,102521,Sample,Blender,Biota,20MC,PFNA,3.25E+03,4.09,2.52E+05,1.879
102521_CHM4110_GroupA_20MC_Biota_2x_UnknownFish1,102521,Sample,Blender,Biota,20MC,PFOA,1.33E+04,3.96,8.60E+04,1.879
102521_CHM4110_GroupA_20MC_Biota_2x_UnknownFish1,102521,Sample,Blender,Biota,20MC,PFOS,8.27E+03,4.09,2.70E+03,1.879
102521_CHM4110_GroupB_20MC_Biota_2x_HomogenizerBlank,102521,Blank,Homogenizer,Biota,20MC,PFDA,5.39E+03,4.17,1.77E+04,1
102521_CHM4110_GroupB_20MC_Biota_2x_HomogenizerBlank,102521,Blank,Homogenizer,Biota,20MC,PFHpA,1.02E+02,3.76,1.99E+04,1
102521_CHM4110_GroupB_20MC_Biota_2x_HomogenizerBlank,102521,Blank,Homogenizer,Biota,20MC,PFHxA,9.38E+02,3.6,1.03E+05,1
102521_CHM4110_GroupB_20MC_Biota_2x_HomogenizerBlank,102521,Blank,Homogenizer,Biota,20MC,PFHxS,9.48E+02,3.75,1.61E+04,1
102521_CHM4110_GroupB_20MC_Biota_2x_HomogenizerBlank,102521,Blank,Homogenizer,Biota,20MC,PFNA,1.90E+01,4.09,8.94E+03,1
102521_CHM4110_GroupB_20MC_Biota_2x_HomogenizerBlank,102521,Blank,Homogenizer,Biota,20MC,PFOA,2.35E+03,3.93,2.52E+05,1
102521_CHM4110_GroupB_20MC_Biota_2x_HomogenizerBlank,102521,Blank,Homogenizer,Biota,20MC,PFOS,2.12E+02,4.09,9.90E+03,1
102521_CHM4110_GroupB_20MC_Biota_2x_MortarPestleBlank,102521,Blank,Pestle,Biota,20MC,PFDA,1.10E+03,4.17,1.13E+04,1
102521_CHM4110_GroupB_20MC_Biota_2x_MortarPestleBlank,102521,Blank,Pestle,Biota,20MC,PFHpA,2.73E+02,3.78,1.67E+04,1
102521_CHM4110_GroupB_20MC_Biota_2x_MortarPestleBlank,102521,Blank,Pestle,Biota,20MC,PFHxA,7.82E+02,3.59,7.03E+04,1
102521_CHM4110_GroupB_20MC_Biota_2x_MortarPestleBlank,102521,Blank,Pestle,Biota,20MC,PFHxS,1.72E+02,3.77,3.52E+03,1
102521_CHM4110_GroupB_20MC_Biota_2x_MortarPestleBlank,102521,Blank,Pestle,Biota,20MC,PFNA,9.18E+02,4.11,6.73E+03,1
102521_CHM4110_GroupB_20MC_Biota_2x_MortarPestleBlank,102521,Blank,Pestle,Biota,20MC,PFOA,4.81E+03,3.96,2.12E+05,1
102521_CHM4110_GroupB_20MC_Biota_2x_MortarPestleBlank,102521,Blank,Pestle,Biota,20MC,PFOS,3.45E+02,4.09,1.72E+05,1
102521_CHM4110_GroupB_20MC_Biota_2x_Snail1,102521,Sample,Homogenizer,Biota,20MC,PFDA,2.19E+03,4.18,7.82E+04,1.085
102521_CHM4110_GroupB_20MC_Biota_2x_Snail1,102521,Sample,Homogenizer,Biota,20MC,PFHpA,4.64E+02,3.78,2.60E+04,1.085
102521_CHM4110_GroupB_20MC_Biota_2x_Snail1,102521,Sample,Homogenizer,Biota,20MC,PFHxA,9.10E+02,3.59,5.43E+03,1.085
102521_CHM4110_GroupB_20MC_Biota_2x_Snail1,102521,Sample,Homogenizer,Biota,20MC,PFHxS,0.00E+00,0,8.73E+03,1.085
102521_CHM4110_GroupB_20MC_Biota_2x_Snail1,102521,Sample,Homogenizer,Biota,20MC,PFNA,2.35E+03,4.11,2.12E+05,1.085
102521_CHM4110_GroupB_20MC_Biota_2x_Snail1,102521,Sample,Homogenizer,Biota,20MC,PFOA,3.34E+03,3.97,1.00E+05,1.085
102521_CHM4110_GroupB_20MC_Biota_2x_Snail1,102521,Sample,Homogenizer,Biota,20MC,PFOS,9.28E+03,4.09,4.00E+03,1.085
102521_CHM4110_GroupB_20MC_Biota_2x_Snail2,102521,Sample,Homogenizer,Biota,20MC,PFDA,1.63E+03,4.17,9.21E+04,0.8108
102521_CHM4110_GroupB_20MC_Biota_2x_Snail2,102521,Sample,Homogenizer,Biota,20MC,PFHpA,2.83E+02,3.76,2.11E+04,0.8108
102521_CHM4110_GroupB_20MC_Biota_2x_Snail2,102521,Sample,Homogenizer,Biota,20MC,PFHxA,8.30E+02,3.61,7.33E+04,0.8108
102521_CHM4110_GroupB_20MC_Biota_2x_Snail2,102521,Sample,Homogenizer,Biota,20MC,PFHxS,0.00E+00,0,1.34E+03,0.8108
102521_CHM4110_GroupB_20MC_Biota_2x_Snail2,102521,Sample,Homogenizer,Biota,20MC,PFNA,2.61E+03,4.09,1.55E+05,0.8108
102521_CHM4110_GroupB_20MC_Biota_2x_Snail2,102521,Sample,Homogenizer,Biota,20MC,PFOA,2.26E+03,3.97,1.13E+05,0.8108
102521_CHM4110_GroupB_20MC_Biota_2x_Snail2,102521,Sample,Homogenizer,Biota,20MC,PFOS,8.37E+03,4.09,2.66E+03,0.8108
102521_CHM4110_GroupB_20MC_Biota_2x_Snail3,102521,Sample,Homogenizer,Biota,20MC,PFDA,1.18E+03,4.23,4.27E+04,1.0582
102521_CHM4110_GroupB_20MC_Biota_2x_Snail3,102521,Sample,Homogenizer,Biota,20MC,PFHpA,9.83E+02,3.77,1.87E+04,1.0582
102521_CHM4110_GroupB_20MC_Biota_2x_Snail3,102521,Sample,Homogenizer,Biota,20MC,PFHxA,8.71E+02,3.61,8.37E+03,1.0582
102521_CHM4110_GroupB_20MC_Biota_2x_Snail3,102521,Sample,Homogenizer,Biota,20MC,PFHxS,0.00E+00,0,2.55E+05,1.0582
102521_CHM4110_GroupB_20MC_Biota_2x_Snail3,102521,Sample,Homogenizer,Biota,20MC,PFNA,7.03E+03,4.11,2.31E+05,1.0582
102521_CHM4110_GroupB_20MC_Biota_2x_Snail3,102521,Sample,Homogenizer,Biota,20MC,PFOA,1.44E+03,3.97,1.00E+05,1.0582
102521_CHM4110_GroupB_20MC_Biota_2x_Snail3,102521,Sample,Homogenizer,Biota,20MC,PFOS,7626.666667,4.09,5.16E+03,1.0582
102521_CHM4110_GroupB_20MC_Biota_2x_Snail4,102521,Sample,Homogenizer,Biota,20MC,PFDA,1.42E+03,4.17,5.71E+04,1.0118
102521_CHM4110_GroupB_20MC_Biota_2x_Snail4,102521,Sample,Homogenizer,Biota,20MC,PFHpA,8.29E+02,3.79,2.91E+04,1.0118
102521_CHM4110_GroupB_20MC_Biota_2x_Snail4,102521,Sample,Homogenizer,Biota,20MC,PFHxA,5.26E+02,3.58,8.93E+03,1.0118
102521_CHM4110_GroupB_20MC_Biota_2x_Snail4,102521,Sample,Homogenizer,Biota,20MC,PFHxS,0.00E+00,0,1.59E+03,1.0118
102521_CHM4110_GroupB_20MC_Biota_2x_Snail4,102521,Sample,Homogenizer,Biota,20MC,PFNA,5.68E+03,4.12,1.20E+05,1.0118
102521_CHM4110_GroupB_20MC_Biota_2x_Snail4,102521,Sample,Homogenizer,Biota,20MC,PFOA,1.87E+03,3.97,1.10E+05,1.0118
102521_CHM4110_GroupB_20MC_Biota_2x_Snail4,102521,Sample,Homogenizer,Biota,20MC,PFOS,5.23E+03,4.09,2.37E+03,1.0118
102521_CHM4110_GroupB_20MC_Biota_2x_Whirligig1,102521,Sample,Pestle,Biota,20MC,PFDA,4.83E+03,4.16,4.16E+04,0.4588
102521_CHM4110_GroupB_20MC_Biota_2x_Whirligig1,102521,Sample,Pestle,Biota,20MC,PFHpA,2.03E+03,3.77,2.04E+04,0.4588
102521_CHM4110_GroupB_20MC_Biota_2x_Whirligig1,102521,Sample,Pestle,Biota,20MC,PFHxA,7.38E+02,3.6,9.28E+03,0.4588
102521_CHM4110_GroupB_20MC_Biota_2x_Whirligig1,102521,Sample,Pestle,Biota,20MC,PFHxS,0.00E+00,0,1.61E+03,0.4588
102521_CHM4110_GroupB_20MC_Biota_2x_Whirligig1,102521,Sample,Pestle,Biota,20MC,PFNA,8.77E+03,4.11,9.54E+04,0.4588
102521_CHM4110_GroupB_20MC_Biota_2x_Whirligig1,102521,Sample,Pestle,Biota,20MC,PFOA,1.03E+04,3.97,6.94E+04,0.4588
102521_CHM4110_GroupB_20MC_Biota_2x_Whirligig1,102521,Sample,Pestle,Biota,20MC,PFOS,1.50E+03,4.09,6.09E+03,0.4588
102521_CHM4110_GroupC_20MC_Biota_2x_BlenderBlank,102521,Blank,Blender,Biota,20MC,PFDA,2.67E+03,4.16,8.22E+04,1
102521_CHM4110_GroupC_20MC_Biota_2x_BlenderBlank,102521,Blank,Blender,Biota,20MC,PFHpA,6.70E+03,3.76,2.44E+06,1
102521_CHM4110_GroupC_20MC_Biota_2x_BlenderBlank,102521,Blank,Blender,Biota,20MC,PFHxA,3.63E+02,3.61,7.93E+04,1
102521_CHM4110_GroupC_20MC_Biota_2x_BlenderBlank,102521,Blank,Blender,Biota,20MC,PFHxS,3.44E+02,3.75,2.91E+04,1
102521_CHM4110_GroupC_20MC_Biota_2x_BlenderBlank,102521,Blank,Blender,Biota,20MC,PFNA,9.28E+02,4.09,8.91E+03,1
102521_CHM4110_GroupC_20MC_Biota_2x_BlenderBlank,102521,Blank,Blender,Biota,20MC,PFOA,2.85E+04,3.96,1.95E+05,1
102521_CHM4110_GroupC_20MC_Biota_2x_BlenderBlank,102521,Blank,Blender,Biota,20MC,PFOS,3.69E+02,4.09,1.20E+04,1
102521_CHM4110_GroupC_20MC_Biota_2x_Catfish1,102521,Sample,Blender,Biota,20MC,PFDA,2.86E+03,4.21,4.41E+04,0.5329
102521_CHM4110_GroupC_20MC_Biota_2x_Catfish1,102521,Sample,Blender,Biota,20MC,PFHpA,4.87E+03,3.78,2.93E+04,0.5329
102521_CHM4110_GroupC_20MC_Biota_2x_Catfish1,102521,Sample,Blender,Biota,20MC,PFHxA,1.44E+03,3.61,1.03E+04,0.5329
102521_CHM4110_GroupC_20MC_Biota_2x_Catfish1,102521,Sample,Blender,Biota,20MC,PFHxS,0.00E+00,0,3.52E+03,0.5329
102521_CHM4110_GroupC_20MC_Biota_2x_Catfish1,102521,Sample,Blender,Biota,20MC,PFNA,7.53E+04,4.12,9.67E+04,0.5329
102521_CHM4110_GroupC_20MC_Biota_2x_Catfish1,102521,Sample,Blender,Biota,20MC,PFOA,2.89E+04,3.98,8.60E+04,0.5329
102521_CHM4110_GroupC_20MC_Biota_2x_Catfish1,102521,Sample,Blender,Biota,20MC,PFOS,1.24E+04,4.09,5.39E+03,0.5329
102521_CHM4110_GroupC_20MC_Biota_2x_Catfish2,102521,Sample,Blender,Biota,20MC,PFDA,1.89E+03,4.17,3.80E+04,0.6604
102521_CHM4110_GroupC_20MC_Biota_2x_Catfish2,102521,Sample,Blender,Biota,20MC,PFHpA,1.48E+03,3.76,2.38E+04,0.6604
102521_CHM4110_GroupC_20MC_Biota_2x_Catfish2,102521,Sample,Blender,Biota,20MC,PFHxA,7.28E+02,3.6,7.03E+03,0.6604
102521_CHM4110_GroupC_20MC_Biota_2x_Catfish2,102521,Sample,Blender,Biota,20MC,PFHxS,0.00E+00,0,2.91E+03,0.6604
102521_CHM4110_GroupC_20MC_Biota_2x_Catfish2,102521,Sample,Blender,Biota,20MC,PFNA,8.18E+04,4.09,2.42E+05,0.6604
102521_CHM4110_GroupC_20MC_Biota_2x_Catfish2,102521,Sample,Blender,Biota,20MC,PFOA,1.80E+04,3.98,1.22E+05,0.6604
102521_CHM4110_GroupC_20MC_Biota_2x_Catfish2,102521,Sample,Blender,Biota,20MC,PFOS,3.14E+03,4.09,6.34E+03,0.6604
102521_CHM4110_GroupC_20MC_Biota_2x_Catfish3,102521,Sample,Blender,Biota,20MC,PFDA,1.45E+03,4.16,1.64E+05,0.5543
102521_CHM4110_GroupC_20MC_Biota_2x_Catfish3,102521,Sample,Blender,Biota,20MC,PFHpA,7.86E+02,3.78,2.21E+04,0.5543
102521_CHM4110_GroupC_20MC_Biota_2x_Catfish3,102521,Sample,Blender,Biota,20MC,PFHxA,7.48E+03,3.6,7.93E+03,0.5543
102521_CHM4110_GroupC_20MC_Biota_2x_Catfish3,102521,Sample,Blender,Biota,20MC,PFHxS,0.00E+00,0,8.00E+03,0.5543
102521_CHM4110_GroupC_20MC_Biota_2x_Catfish3,102521,Sample,Blender,Biota,20MC,PFNA,3.80E+04,4.11,1.07E+05,0.5543
102521_CHM4110_GroupC_20MC_Biota_2x_Catfish3,102521,Sample,Blender,Biota,20MC,PFOA,1.32E+04,3.98,8.42E+04,0.5543
102521_CHM4110_GroupC_20MC_Biota_2x_Catfish3,102521,Sample,Blender,Biota,20MC,PFOS,2.93E+03,4.09,2.60E+03,0.5543
102521_CHM4110_GroupC_20MC_Biota_2x_Crayfish1,102521,Sample,Pestle,Biota,20MC,PFDA,1.41E+03,4.19,4.92E+04,1.018
102521_CHM4110_GroupC_20MC_Biota_2x_Crayfish1,102521,Sample,Pestle,Biota,20MC,PFHpA,3.23E+03,3.76,5.43E+04,1.018
102521_CHM4110_GroupC_20MC_Biota_2x_Crayfish1,102521,Sample,Pestle,Biota,20MC,PFHxA,9.09E+03,3.59,9.44E+03,1.018
102521_CHM4110_GroupC_20MC_Biota_2x_Crayfish1,102521,Sample,Pestle,Biota,20MC,PFHxS,0.00E+00,0,1.86E+03,1.018
102521_CHM4110_GroupC_20MC_Biota_2x_Crayfish1,102521,Sample,Pestle,Biota,20MC,PFNA,7.40E+04,4.09,2.11E+05,1.018
102521_CHM4110_GroupC_20MC_Biota_2x_Crayfish1,102521,Sample,Pestle,Biota,20MC,PFOA,1.59E+04,3.98,1.45E+05,1.018
102521_CHM4110_GroupC_20MC_Biota_2x_Crayfish1,102521,Sample,Pestle,Biota,20MC,PFOS,2.73E+03,4.09,8.04E+03,1.018
102521_CHM4110_GroupC_20MC_Biota_2x_Crayfish2,102521,Sample,Pestle,Biota,20MC,PFDA,9.18E+03,4.21,1.00E+05,0.6038
102521_CHM4110_GroupC_20MC_Biota_2x_Crayfish2,102521,Sample,Pestle,Biota,20MC,PFHpA,8.05E+02,3.77,1.16E+04,0.6038
102521_CHM4110_GroupC_20MC_Biota_2x_Crayfish2,102521,Sample,Pestle,Biota,20MC,PFHxA,7.26E+03,3.61,7.28E+03,0.6038
102521_CHM4110_GroupC_20MC_Biota_2x_Crayfish2,102521,Sample,Pestle,Biota,20MC,PFHxS,0.00E+00,0,8.73E+04,0.6038
102521_CHM4110_GroupC_20MC_Biota_2x_Crayfish2,102521,Sample,Pestle,Biota,20MC,PFNA,4.29E+04,4.11,1.55E+05,0.6038
102521_CHM4110_GroupC_20MC_Biota_2x_Crayfish2,102521,Sample,Pestle,Biota,20MC,PFOA,10170,3.98,1.67E+05,0.6038
102521_CHM4110_GroupC_20MC_Biota_2x_Crayfish2,102521,Sample,Pestle,Biota,20MC,PFOS,1.29E+03,4.09,2.34E+03,0.6038
102521_CHM4110_GroupC_20MC_Biota_2x_Crayfish3,102521,Sample,Pestle,Biota,20MC,PFDA,5.34E+03,4.18,8.81E+04,0.7454
102521_CHM4110_GroupC_20MC_Biota_2x_Crayfish3,102521,Sample,Pestle,Biota,20MC,PFHpA,1.65E+03,3.79,4.91E+04,0.7454
102521_CHM4110_GroupC_20MC_Biota_2x_Crayfish3,102521,Sample,Pestle,Biota,20MC,PFHxA,9.01E+02,3.58,9.49E+03,0.7454
102521_CHM4110_GroupC_20MC_Biota_2x_Crayfish3,102521,Sample,Pestle,Biota,20MC,PFHxS,0.00E+00,0,1.72E+05,0.7454
102521_CHM4110_GroupC_20MC_Biota_2x_Crayfish3,102521,Sample,Pestle,Biota,20MC,PFNA,3.06E+04,4.12,1.32E+05,0.7454
102521_CHM4110_GroupC_20MC_Biota_2x_Crayfish3,102521,Sample,Pestle,Biota,20MC,PFOA,4.44E+03,3.98,6.93E+04,0.7454
102521_CHM4110_GroupC_20MC_Biota_2x_Crayfish3,102521,Sample,Pestle,Biota,20MC,PFOS,1.94E+03,4.09,3.52E+03,0.7454
102521_CHM4110_GroupC_20MC_Biota_2x_Spike,102521,Spike,Blender,Biota,20MC,PFDA,1.94E+05,4.17,6.52E+04,1
102521_CHM4110_GroupC_20MC_Biota_2x_Spike,102521,Spike,Blender,Biota,20MC,PFHpA,9.44E+04,3.76,1.87E+04,1
102521_CHM4110_GroupC_20MC_Biota_2x_Spike,102521,Spike,Blender,Biota,20MC,PFHxS,4.08E+02,3.75,1.32E+03,1
102521_CHM4110_GroupC_20MC_Biota_2x_Spike,102521,Spike,Blender,Biota,20MC,PFNA,8.49E+05,4.09,1.32E+05,1
102521_CHM4110_GroupC_20MC_Biota_2x_Spike,102521,Spike,Blender,Biota,20MC,PFOA,5.77E+05,3.93,2.25E+05,1
102521_CHM4110_GroupC_20MC_Biota_2x_Spike,102521,Spike,Blender,Biota,20MC,PFOS,2.00E+04,4.09,3.52E+03,1
102521_CHM4110_GroupC_20MC_Biota_2x_Sunfish1,102521,Sample,Blender,Biota,20MC,PFDA,1.18E+03,4.19,8.79E+04,0.6663
102521_CHM4110_GroupC_20MC_Biota_2x_Sunfish1,102521,Sample,Blender,Biota,20MC,PFHpA,1.49E+03,3.77,1.63E+04,0.6663
102521_CHM4110_GroupC_20MC_Biota_2x_Sunfish1,102521,Sample,Blender,Biota,20MC,PFHxA,4.61E+03,3.6,9.28E+03,0.6663
102521_CHM4110_GroupC_20MC_Biota_2x_Sunfish1,102521,Sample,Blender,Biota,20MC,PFHxS,0.00E+00,0,1.34E+03,0.6663
102521_CHM4110_GroupC_20MC_Biota_2x_Sunfish1,102521,Sample,Blender,Biota,20MC,PFNA,4.78E+04,4.11,8.30E+04,0.6663
102521_CHM4110_GroupC_20MC_Biota_2x_Sunfish1,102521,Sample,Blender,Biota,20MC,PFOA,8.18E+03,3.99,2.25E+04,0.6663
102521_CHM4110_GroupC_20MC_Biota_2x_Sunfish1,102521,Sample,Blender,Biota,20MC,PFOS,1.50E+03,4.09,2.36E+03,0.6663
102521_CHM4110_GroupC_20MC_Biota_2x_Sunfish2,102521,Sample,Blender,Biota,20MC,PFDA,9.85E+03,4.18,1.13E+05,0.3223
102521_CHM4110_GroupC_20MC_Biota_2x_Sunfish2,102521,Sample,Blender,Biota,20MC,PFHpA,4.03E+02,3.78,4.10E+04,0.3223
102521_CHM4110_GroupC_20MC_Biota_2x_Sunfish2,102521,Sample,Blender,Biota,20MC,PFHxA,2.34E+02,3.61,3.32E+03,0.3223
102521_CHM4110_GroupC_20MC_Biota_2x_Sunfish2,102521,Sample,Blender,Biota,20MC,PFHxS,0.00E+00,0,4.59E+03,0.3223
102521_CHM4110_GroupC_20MC_Biota_2x_Sunfish2,102521,Sample,Blender,Biota,20MC,PFNA,1.22E+04,4.12,1.19E+05,0.3223
102521_CHM4110_GroupC_20MC_Biota_2x_Sunfish2,102521,Sample,Blender,Biota,20MC,PFOA,7.99E+03,3.99,2.11E+04,0.3223
102521_CHM4110_GroupC_20MC_Biota_2x_Sunfish2,102521,Sample,Blender,Biota,20MC,PFOS,1.50E+03,4.09,2.93E+03,0.3223
102521_CHM4110_GroupD_NIA_Biota_2x_CatfishBody1,102521,Sample,Homogenizer,Biota,NIA,PFDA,0.00E+00,0,1.98E+05,0.9031
102521_CHM4110_GroupD_NIA_Biota_2x_CatfishBody1,102521,Sample,Homogenizer,Biota,NIA,PFHpA,3.27E+04,3.76,2.00E+04,0.9031
102521_CHM4110_GroupD_NIA_Biota_2x_CatfishBody1,102521,Sample,Homogenizer,Biota,NIA,PFHxA,1.72E+02,3.6,5.43E+03,0.9031
102521_CHM4110_GroupD_NIA_Biota_2x_CatfishBody1,102521,Sample,Homogenizer,Biota,NIA,PFHxS,8.29E+02,3.75,3.52E+03,0.9031
102521_CHM4110_GroupD_NIA_Biota_2x_CatfishBody1,102521,Sample,Homogenizer,Biota,NIA,PFNA,1.92E+05,4.09,6.98E+04,0.9031
102521_CHM4110_GroupD_NIA_Biota_2x_CatfishBody1,102521,Sample,Homogenizer,Biota,NIA,PFOA,9.44E+04,3.99,2.64E+04,0.9031
102521_CHM4110_GroupD_NIA_Biota_2x_CatfishBody1,102521,Sample,Homogenizer,Biota,NIA,PFOS,2.32E+03,4.09,1.95E+03,0.9031
102521_CHM4110_GroupD_NIA_Biota_2x_CatfishBody2,102521,Sample,Homogenizer,Biota,NIA,PFDA,0.00E+00,0,1.98E+05,0.9455
102521_CHM4110_GroupD_NIA_Biota_2x_CatfishBody2,102521,Sample,Homogenizer,Biota,NIA,PFHpA,4.83E+04,3.78,4.03E+04,0.9455
102521_CHM4110_GroupD_NIA_Biota_2x_CatfishBody2,102521,Sample,Homogenizer,Biota,NIA,PFHxA,9.38E+02,3.6,7.93E+03,0.9455
102521_CHM4110_GroupD_NIA_Biota_2x_CatfishBody2,102521,Sample,Homogenizer,Biota,NIA,PFHxS,5.10E+02,3.77,2.61E+03,0.9455
102521_CHM4110_GroupD_NIA_Biota_2x_CatfishBody2,102521,Sample,Homogenizer,Biota,NIA,PFNA,9.28E+03,4.11,7.28E+03,0.9455
102521_CHM4110_GroupD_NIA_Biota_2x_CatfishBody2,102521,Sample,Homogenizer,Biota,NIA,PFOA,5.84E+04,3.99,2.01E+04,0.9455
102521_CHM4110_GroupD_NIA_Biota_2x_CatfishBody2,102521,Sample,Homogenizer,Biota,NIA,PFOS,9.87E+03,4.09,8.70E+03,0.9455
102521_CHM4110_GroupD_NIA_Biota_2x_CatfishBody3,102521,Sample,Homogenizer,Biota,NIA,PFDA,0.00E+00,0,2.02E+05,0.9573
102521_CHM4110_GroupD_NIA_Biota_2x_CatfishBody3,102521,Sample,Homogenizer,Biota,NIA,PFHpA,8.33E+04,3.76,5.01E+04,0.9573
102521_CHM4110_GroupD_NIA_Biota_2x_CatfishBody3,102521,Sample,Homogenizer,Biota,NIA,PFHxA,8.27E+02,3.59,9.44E+03,0.9573
102521_CHM4110_GroupD_NIA_Biota_2x_CatfishBody3,102521,Sample,Homogenizer,Biota,NIA,PFHxS,1.92E+02,3.75,8.73E+03,0.9573
102521_CHM4110_GroupD_NIA_Biota_2x_CatfishBody3,102521,Sample,Homogenizer,Biota,NIA,PFNA,8.49E+03,4.09,8.94E+03,0.9573
102521_CHM4110_GroupD_NIA_Biota_2x_CatfishBody3,102521,Sample,Homogenizer,Biota,NIA,PFOA,8.29E+04,3.99,1.55E+04,0.9573
102521_CHM4110_GroupD_NIA_Biota_2x_CatfishBody3,102521,Sample,Homogenizer,Biota,NIA,PFOS,3.82E+04,4.09,9.90E+03,0.9573
102521_CHM4110_GroupD_NIA_Biota_2x_CatfishOrgans1,102521,Sample,Homogenizer,Biota,NIA,PFDA,1.69E+04,4.11,1.13E+04,0.4781
102521_CHM4110_GroupD_NIA_Biota_2x_CatfishOrgans1,102521,Sample,Homogenizer,Biota,NIA,PFHpA,8.40E+03,3.77,2.38E+04,0.4781
102521_CHM4110_GroupD_NIA_Biota_2x_CatfishOrgans1,102521,Sample,Homogenizer,Biota,NIA,PFHxA,8.27E+03,3.61,7.28E+03,0.4781
102521_CHM4110_GroupD_NIA_Biota_2x_CatfishOrgans1,102521,Sample,Homogenizer,Biota,NIA,PFHxS,1.00E+03,3.78,8.00E+03,0.4781
102521_CHM4110_GroupD_NIA_Biota_2x_CatfishOrgans1,102521,Sample,Homogenizer,Biota,NIA,PFNA,5.30E+04,4.11,6.73E+03,0.4781
102521_CHM4110_GroupD_NIA_Biota_2x_CatfishOrgans1,102521,Sample,Homogenizer,Biota,NIA,PFOA,1.88E+05,4,2.52E+04,0.4781
102521_CHM4110_GroupD_NIA_Biota_2x_CatfishOrgans1,102521,Sample,Homogenizer,Biota,NIA,PFOS,8.53E+05,4.09,1.72E+05,0.4781
102521_CHM4110_GroupD_NIA_Biota_2x_CatfishOrgans2,102521,Sample,Homogenizer,Biota,NIA,PFDA,9.16E+04,4.11,1.26E+05,0.6554
102521_CHM4110_GroupD_NIA_Biota_2x_CatfishOrgans2,102521,Sample,Homogenizer,Biota,NIA,PFHpA,6.03E+04,3.79,2.21E+04,0.6554
102521_CHM4110_GroupD_NIA_Biota_2x_CatfishOrgans2,102521,Sample,Homogenizer,Biota,NIA,PFHxA,6.27E+03,3.58,9.49E+03,0.6554
102521_CHM4110_GroupD_NIA_Biota_2x_CatfishOrgans2,102521,Sample,Homogenizer,Biota,NIA,PFHxS,1.02E+03,3.8,7.32E+03,0.6554
102521_CHM4110_GroupD_NIA_Biota_2x_CatfishOrgans2,102521,Sample,Homogenizer,Biota,NIA,PFNA,9.82E+04,4.12,8.91E+03,0.6554
102521_CHM4110_GroupD_NIA_Biota_2x_CatfishOrgans2,102521,Sample,Homogenizer,Biota,NIA,PFOA,1.92E+05,4,2.12E+04,0.6554
102521_CHM4110_GroupD_NIA_Biota_2x_CatfishOrgans2,102521,Sample,Homogenizer,Biota,NIA,PFOS,1.95E+05,4.09,1.20E+04,0.6554
102521_CHM4110_GroupD_NIA_Biota_2x_HomogenizerBlank,102521,Blank,Homogenizer,Biota,NIA,PFDA,1.93E+03,2.26,1.70E+05,1
102521_CHM4110_GroupD_NIA_Biota_2x_HomogenizerBlank,102521,Blank,Homogenizer,Biota,NIA,PFHpA,1.03E+02,3.77,3.56E+06,1
102521_CHM4110_GroupD_NIA_Biota_2x_HomogenizerBlank,102521,Blank,Homogenizer,Biota,NIA,PFHxA,8.78E+02,3.58,9.44E+04,1
102521_CHM4110_GroupD_NIA_Biota_2x_HomogenizerBlank,102521,Blank,Homogenizer,Biota,NIA,PFHxS,2.83E+02,3.78,8.00E+03,1
102521_CHM4110_GroupD_NIA_Biota_2x_HomogenizerBlank,102521,Blank,Homogenizer,Biota,NIA,PFNA,4.23E+02,4.11,9.30E+03,1
102521_CHM4110_GroupD_NIA_Biota_2x_HomogenizerBlank,102521,Blank,Homogenizer,Biota,NIA,PFOA,4.35E+02,3.96,2.42E+05,1
102521_CHM4110_GroupD_NIA_Biota_2x_HomogenizerBlank,102521,Blank,Homogenizer,Biota,NIA,PFOS,5.46E+02,4.09,1.38E+05,1
102521_CHM4110_GroupE_NIA_Biota_2x_BlenderBlank,102521,Blank,Blender,Biota,N/A,PFDA,2.84E+03,4.11,1.77E+04,1
102521_CHM4110_GroupE_NIA_Biota_2x_BlenderBlank,102521,Blank,Blender,Biota,N/A,PFHpA,4.23E+02,3.79,2.37E+04,1
102521_CHM4110_GroupE_NIA_Biota_2x_BlenderBlank,102521,Blank,Blender,Biota,N/A,PFHxA,8.27E+03,3.6,7.28E+04,1
102521_CHM4110_GroupE_NIA_Biota_2x_BlenderBlank,102521,Blank,Blender,Biota,N/A,PFHxS,3.82E+02,3.8,6.86E+03,1
102521_CHM4110_GroupE_NIA_Biota_2x_BlenderBlank,102521,Blank,Blender,Biota,N/A,PFNA,4.55E+02,4.12,9.06E+03,1
102521_CHM4110_GroupE_NIA_Biota_2x_BlenderBlank,102521,Blank,Blender,Biota,N/A,PFOA,2.24E+03,3.96,2.11E+05,1
102521_CHM4110_GroupE_NIA_Biota_2x_BlenderBlank,102521,Blank,Blender,Biota,N/A,PFOS,3.23E+02,4.09,2.46E+05,1
102521_CHM4110_GroupE_NIA_Biota_2x_Crayfish1,102521,Sample,Pestle,Biota,NIA,PFDA,1.12E+05,4.12,6.52E+04,0.7872
102521_CHM4110_GroupE_NIA_Biota_2x_Crayfish1,102521,Sample,Pestle,Biota,NIA,PFHpA,2.39E+04,3.77,5.43E+04,0.7872
102521_CHM4110_GroupE_NIA_Biota_2x_Crayfish1,102521,Sample,Pestle,Biota,NIA,PFHxA,9.10E+03,3.6,9.28E+03,0.7872
102521_CHM4110_GroupE_NIA_Biota_2x_Crayfish1,102521,Sample,Pestle,Biota,NIA,PFHxS,2.83E+02,3.76,8.73E+04,0.7872
102521_CHM4110_GroupE_NIA_Biota_2x_Crayfish1,102521,Sample,Pestle,Biota,NIA,PFNA,7.38E+04,4.11,9.30E+03,0.7872
102521_CHM4110_GroupE_NIA_Biota_2x_Crayfish1,102521,Sample,Pestle,Biota,NIA,PFOA,7.39E+04,4,1.95E+05,0.7872
102521_CHM4110_GroupE_NIA_Biota_2x_Crayfish1,102521,Sample,Pestle,Biota,NIA,PFOS,1.64E+03,4.09,1.38E+05,0.7872
102521_CHM4110_GroupE_NIA_Biota_2x_Crayfish2,102521,Sample,Pestle,Biota,NIA,PFDA,7.10E+04,4.12,4.16E+04,0.5715
102521_CHM4110_GroupE_NIA_Biota_2x_Crayfish2,102521,Sample,Pestle,Biota,NIA,PFHpA,3.93E+04,3.78,1.16E+04,0.5715
102521_CHM4110_GroupE_NIA_Biota_2x_Crayfish2,102521,Sample,Pestle,Biota,NIA,PFHxA,7.03E+03,3.61,3.32E+03,0.5715
102521_CHM4110_GroupE_NIA_Biota_2x_Crayfish2,102521,Sample,Pestle,Biota,NIA,PFHxS,9.28E+02,3.77,1.72E+04,0.5715
102521_CHM4110_GroupE_NIA_Biota_2x_Crayfish2,102521,Sample,Pestle,Biota,NIA,PFNA,5.83E+04,4.12,9.06E+03,0.5715
102521_CHM4110_GroupE_NIA_Biota_2x_Crayfish2,102521,Sample,Pestle,Biota,NIA,PFOA,9.38E+04,4,2.42E+04,0.5715
102521_CHM4110_GroupE_NIA_Biota_2x_Crayfish2,102521,Sample,Pestle,Biota,NIA,PFOS,5.60E+03,4.09,2.46E+05,0.5715
102521_CHM4110_GroupE_NIA_Biota_2x_Crayfish3,102521,Sample,Pestle,Biota,NIA,PFDA,1.72E+05,4.12,7.82E+04,0.8925
102521_CHM4110_GroupE_NIA_Biota_2x_Crayfish3,102521,Sample,Pestle,Biota,NIA,PFHpA,1.28E+04,3.76,4.91E+04,0.8925
102521_CHM4110_GroupE_NIA_Biota_2x_Crayfish3,102521,Sample,Pestle,Biota,NIA,PFHxA,9.10E+03,3.6,5.43E+03,0.8925
102521_CHM4110_GroupE_NIA_Biota_2x_Crayfish3,102521,Sample,Pestle,Biota,NIA,PFHxS,7.44E+02,3.75,1.34E+04,0.8925
102521_CHM4110_GroupE_NIA_Biota_2x_Crayfish3,102521,Sample,Pestle,Biota,NIA,PFNA,4.34E+04,4.09,7.18E+03,0.8925
102521_CHM4110_GroupE_NIA_Biota_2x_Crayfish3,102521,Sample,Pestle,Biota,NIA,PFOA,8.95E+04,4,2.11E+04,0.8925
102521_CHM4110_GroupE_NIA_Biota_2x_Crayfish3,102521,Sample,Pestle,Biota,NIA,PFOS,8.10E+03,4.09,2.10E+05,0.8925
102521_CHM4110_GroupE_NIA_Biota_2x_HomogenizerBlank,102521,Blank,Homogenizer,Biota,NIA,PFDA,4.23E+03,4.12,5.71E+04,1
102521_CHM4110_GroupE_NIA_Biota_2x_HomogenizerBlank,102521,Blank,Homogenizer,Biota,NIA,PFHpA,3.28E+02,3.77,2.30E+04,1
102521_CHM4110_GroupE_NIA_Biota_2x_HomogenizerBlank,102521,Blank,Homogenizer,Biota,NIA,PFHxA,8.73E+02,3.61,9.49E+04,1
102521_CHM4110_GroupE_NIA_Biota_2x_HomogenizerBlank,102521,Blank,Homogenizer,Biota,NIA,PFHxS,4.38E+02,3.76,8.73E+03,1
102521_CHM4110_GroupE_NIA_Biota_2x_HomogenizerBlank,102521,Blank,Homogenizer,Biota,NIA,PFNA,8.95E+02,4.11,7.18E+03,1
102521_CHM4110_GroupE_NIA_Biota_2x_HomogenizerBlank,102521,Blank,Homogenizer,Biota,NIA,PFOA,2.81E+03,3.96,2.31E+05,1
102521_CHM4110_GroupE_NIA_Biota_2x_HomogenizerBlank,102521,Blank,Homogenizer,Biota,NIA,PFOS,5.46E+02,4.09,2.10E+05,1
102521_CHM4110_GroupE_NIA_Biota_2x_MortarPestleBlank,102521,Blank,Pestle,Biota,NIA,PFDA,2.02E+03,4.12,9.21E+04,1
102521_CHM4110_GroupE_NIA_Biota_2x_MortarPestleBlank,102521,Blank,Pestle,Biota,NIA,PFHpA,2.90E+02,3.78,2.55E+04,1
102521_CHM4110_GroupE_NIA_Biota_2x_MortarPestleBlank,102521,Blank,Pestle,Biota,NIA,PFHxA,4.63E+02,3.6,9.28E+04,1
102521_CHM4110_GroupE_NIA_Biota_2x_MortarPestleBlank,102521,Blank,Pestle,Biota,NIA,PFHxS,5.28E+02,3.77,9.34E+03,1
102521_CHM4110_GroupE_NIA_Biota_2x_MortarPestleBlank,102521,Blank,Pestle,Biota,NIA,PFNA,9.83E+02,4.12,8.37E+03,1
102521_CHM4110_GroupE_NIA_Biota_2x_MortarPestleBlank,102521,Blank,Pestle,Biota,NIA,PFOA,1.91E+03,3.96,8.03E+04,1
102521_CHM4110_GroupE_NIA_Biota_2x_MortarPestleBlank,102521,Blank,Pestle,Biota,NIA,PFOS,7.64E+02,4.09,1.06E+05,1
102521_CHM4110_GroupE_NIA_Biota_2x_Spike,102521,Spike,Homogenizer,Biota,NIA,PFDA,9.30E+04,4.12,4.27E+04,1
102521_CHM4110_GroupE_NIA_Biota_2x_Spike,102521,Spike,Homogenizer,Biota,NIA,PFHpA,1.34E+05,3.77,2.91E+04,1
102521_CHM4110_GroupE_NIA_Biota_2x_Spike,102521,Spike,Homogenizer,Biota,NIA,PFHxA,2.49E+05,3.58,7.33E+04,1
102521_CHM4110_GroupE_NIA_Biota_2x_Spike,102521,Spike,Homogenizer,Biota,NIA,PFHxS,9.90E+02,3.78,2.91E+03,1
102521_CHM4110_GroupE_NIA_Biota_2x_Spike,102521,Spike,Homogenizer,Biota,NIA,PFNA,4.52E+05,4.11,8.30E+04,1
102521_CHM4110_GroupE_NIA_Biota_2x_Spike,102521,Spike,Homogenizer,Biota,NIA,PFOA,8.03E+05,3.95,2.11E+05,1
102521_CHM4110_GroupE_NIA_Biota_2x_Spike,102521,Spike,Homogenizer,Biota,NIA,PFOS,1.73E+04,4.09,2.36E+03,1
102521_CHM4110_GroupE_NIA_Biota_2x_Sunfish1,102521,Sample,Blender,Biota,NIA,PFDA,4.17E+04,4.13,1.00E+05,1
102521_CHM4110_GroupE_NIA_Biota_2x_Sunfish1,102521,Sample,Blender,Biota,NIA,PFHpA,1.84E+05,3.78,1.63E+04,1
102521_CHM4110_GroupE_NIA_Biota_2x_Sunfish1,102521,Sample,Blender,Biota,NIA,PFHxA,8.92E+04,3.6,9.44E+03,1
102521_CHM4110_GroupE_NIA_Biota_2x_Sunfish1,102521,Sample,Blender,Biota,NIA,PFHxS,5.34E+03,3.77,4.59E+03,1
102521_CHM4110_GroupE_NIA_Biota_2x_Sunfish1,102521,Sample,Blender,Biota,NIA,PFNA,1.82E+03,4.11,8.37E+03,1
102521_CHM4110_GroupE_NIA_Biota_2x_Sunfish1,102521,Sample,Blender,Biota,NIA,PFOA,7.28E+04,4,2.31E+04,1
102521_CHM4110_GroupE_NIA_Biota_2x_Sunfish1,102521,Sample,Blender,Biota,NIA,PFOS,3.30E+04,4.09,1.06E+03,1
102521_CHM4110_GroupE_NIA_Biota_2x_Sunfish2,102521,Sample,Blender,Biota,NIA,PFDA,3.82E+04,4.12,8.81E+04,0.9891
102521_CHM4110_GroupE_NIA_Biota_2x_Sunfish2,102521,Sample,Blender,Biota,NIA,PFHpA,8.93E+05,3.76,4.10E+04,0.9891
102521_CHM4110_GroupE_NIA_Biota_2x_Sunfish2,102521,Sample,Blender,Biota,NIA,PFHxA,4.81E+04,3.59,7.28E+03,0.9891
102521_CHM4110_GroupE_NIA_Biota_2x_Sunfish2,102521,Sample,Blender,Biota,NIA,PFHxS,3.85E+03,3.75,3.52E+03,0.9891
102521_CHM4110_GroupE_NIA_Biota_2x_Sunfish2,102521,Sample,Blender,Biota,NIA,PFNA,8.19E+03,4.09,2.52E+05,0.9891
102521_CHM4110_GroupE_NIA_Biota_2x_Sunfish2,102521,Sample,Blender,Biota,NIA,PFOA,8.48E+04,4.01,8.03E+04,0.9891
102521_CHM4110_GroupE_NIA_Biota_2x_Sunfish2,102521,Sample,Blender,Biota,NIA,PFOS,5.15E+05,4.09,2.70E+03,0.9891
102521_CHM4110_GroupE_NIA_Biota_2x_Sunfish3,102521,Sample,Blender,Biota,NIA,PFDA,2.48E+04,4.12,8.22E+04,0.9998
102521_CHM4110_GroupE_NIA_Biota_2x_Sunfish3,102521,Sample,Blender,Biota,NIA,PFHpA,1.98E+04,3.77,2.00E+04,0.9998
102521_CHM4110_GroupE_NIA_Biota_2x_Sunfish3,102521,Sample,Blender,Biota,NIA,PFHxA,2.99E+04,3.61,9.49E+03,0.9998
102521_CHM4110_GroupE_NIA_Biota_2x_Sunfish3,102521,Sample,Blender,Biota,NIA,PFHxS,2.02E+03,3.78,2.61E+03,0.9998
102521_CHM4110_GroupE_NIA_Biota_2x_Sunfish3,102521,Sample,Blender,Biota,NIA,PFNA,3.46E+03,4.11,2.12E+05,0.9998
102521_CHM4110_GroupE_NIA_Biota_2x_Sunfish3,102521,Sample,Blender,Biota,NIA,PFOA,8.38E+04,4.01,8.60E+04,0.9998
102521_CHM4110_GroupE_NIA_Biota_2x_Sunfish3,102521,Sample,Blender,Biota,NIA,PFOS,9.51E+04,4.09,4.00E+03,0.9998
102521_CHM4110_GroupF_NIA_Biota_2x_BugSpike,102521,Spike,Pestle,Biota,NIA,PFDA,2.38E+05,4.13,1.13E+05,1
102521_CHM4110_GroupF_NIA_Biota_2x_Catfish1,102521,Sample,Blender,Biota,NIA,PFDA,2.85E+04,4.14,1.13E+04,0.8154
102521_CHM4110_GroupF_NIA_Biota_2x_Catfish2,102521,Sample,Blender,Biota,NIA,PFDA,9.85E+04,4.14,1.26E+05,0.6882
102521_CHM4110_GroupF_NIA_Biota_2x_Catfish3,102521,Sample,Blender,Biota,NIA,PFDA,2.94E+05,4.14,1.98E+05,0.7812
102521_CHM4110_GroupF_NIA_Biota_2x_Crayfish1,102521,Sample,Pestle,Biota,NIA,PFDA,9.45E+04,4.14,5.24E+04,0.736
102521_CHM4110_GroupF_NIA_Biota_2x_Crayfish2,102521,Sample,Pestle,Biota,NIA,PFDA,3.29E+05,4.14,8.77E+04,0.534
102521_CHM4110_GroupF_NIA_Biota_2x_Crayfish3,102521,Sample,Pestle,Biota,NIA,PFDA,2.05E+05,4.14,4.56E+04,0.598
102521_CHM4110_GroupF_NIA_Biota_2x_Shrimp1,102521,Sample,Homogenizer,Biota,NIA,PFDA,1.27E+04,4.13,4.92E+04,0.6117
102521_CHM4110_GroupF_NIA_Biota_2x_Shrimp2,102521,Sample,Homogenizer,Biota,NIA,PFDA,1.08E+04,4.13,4.41E+04,0.618
102521_CHM4110_GroupF_NIA_Biota_2x_Shrimp3,102521,Sample,Homogenizer,Biota,NIA,PFDA,1.86E+04,4.13,3.80E+04,0.5032
102521_CHM4110_GroupF_NIA_Biota_2x_Whirligig1,102521,Sample,Pestle,Biota,NIA,PFDA,2.25E+04,4.13,1.64E+05,0.4993
102521_CHM4110_GroupF_NIA_Biota_2x_Whirligig2,102521,Sample,Pestle,Biota,NIA,PFDA,1.93E+04,4.13,8.79E+04,0.358
102521_CHM4110_GroupF_NIA_Biota_2x_BugSpike,102521,Spike,Pestle,Biota,NIA,PFHpA,9.67E+04,3.79,2.04E+04,1
102521_CHM4110_GroupF_NIA_Biota_2x_Catfish1,102521,Sample,Blender,Biota,NIA,PFHpA,1.84E+04,3.79,4.03E+04,0.8154
102521_CHM4110_GroupF_NIA_Biota_2x_Catfish2,102521,Sample,Blender,Biota,NIA,PFHpA,1.93E+04,3.77,2.38E+04,0.6882
102521_CHM4110_GroupF_NIA_Biota_2x_Catfish3,102521,Sample,Blender,Biota,NIA,PFHpA,1.93E+04,3.76,2.21E+04,0.7812
102521_CHM4110_GroupF_NIA_Biota_2x_Crayfish1,102521,Sample,Pestle,Biota,NIA,PFHpA,5.74E+04,3.77,5.43E+04,0.736
102521_CHM4110_GroupF_NIA_Biota_2x_Crayfish2,102521,Sample,Pestle,Biota,NIA,PFHpA,4.82E+03,3.79,1.16E+04,0.534
102521_CHM4110_GroupF_NIA_Biota_2x_Crayfish3,102521,Sample,Pestle,Biota,NIA,PFHpA,1.85E+04,3.77,4.91E+04,0.598
102521_CHM4110_GroupF_NIA_Biota_2x_Shrimp1,102521,Sample,Homogenizer,Biota,NIA,PFHpA,1.93E+04,3.78,1.63E+04,0.6117
102521_CHM4110_GroupF_NIA_Biota_2x_Shrimp2,102521,Sample,Homogenizer,Biota,NIA,PFHpA,9.21E+03,3.76,4.10E+04,0.618
102521_CHM4110_GroupF_NIA_Biota_2x_Shrimp3,102521,Sample,Homogenizer,Biota,NIA,PFHpA,1.92E+04,3.78,2.00E+04,0.5032
102521_CHM4110_GroupF_NIA_Biota_2x_Whirligig1,102521,Sample,Pestle,Biota,NIA,PFHpA,1.84E+04,3.77,4.03E+04,0.4993
102521_CHM4110_GroupF_NIA_Biota_2x_Whirligig2,102521,Sample,Pestle,Biota,NIA,PFHpA,3.14E+02,3.77,5.01E+04,0.358
102521_CHM4110_GroupF_NIA_Biota_2x_BugSpike,102521,Spike,Pestle,Biota,NIA,PFHxA,3.05E+05,3.6,8.37E+04,1
102521_CHM4110_GroupF_NIA_Biota_2x_Catfish1,102521,Sample,Blender,Biota,NIA,PFHxA,1.83E+03,3.58,9.28E+03,0.8154
102521_CHM4110_GroupF_NIA_Biota_2x_Catfish2,102521,Sample,Blender,Biota,NIA,PFHxA,4.90E+02,3.6,3.32E+03,0.6882
102521_CHM4110_GroupF_NIA_Biota_2x_Catfish3,102521,Sample,Blender,Biota,NIA,PFHxA,8.90E+02,3.61,5.43E+03,0.7812
102521_CHM4110_GroupF_NIA_Biota_2x_Crayfish1,102521,Sample,Pestle,Biota,NIA,PFHxA,1.03E+03,3.6,7.93E+03,0.736
102521_CHM4110_GroupF_NIA_Biota_2x_Crayfish2,102521,Sample,Pestle,Biota,NIA,PFHxA,8.33E+03,3.6,9.44E+03,0.534
102521_CHM4110_GroupF_NIA_Biota_2x_Crayfish3,102521,Sample,Pestle,Biota,NIA,PFHxA,4.83E+03,3.59,7.28E+03,0.598
102521_CHM4110_GroupF_NIA_Biota_2x_Shrimp1,102521,Sample,Homogenizer,Biota,NIA,PFHxA,9.20E+02,3.61,9.49E+03,0.6117
102521_CHM4110_GroupF_NIA_Biota_2x_Shrimp2,102521,Sample,Homogenizer,Biota,NIA,PFHxA,9.40E+02,4.6,9.28E+03,0.618
102521_CHM4110_GroupF_NIA_Biota_2x_Shrimp3,102521,Sample,Homogenizer,Biota,NIA,PFHxA,8.10E+02,3.58,3.32E+03,0.5032
102521_CHM4110_GroupF_NIA_Biota_2x_Whirligig1,102521,Sample,Pestle,Biota,NIA,PFHxA,8.30E+02,3.6,5.43E+03,0.4993
102521_CHM4110_GroupF_NIA_Biota_2x_Whirligig2,102521,Sample,Pestle,Biota,NIA,PFHxA,9.01E+03,3.59,7.28E+03,0.358
102521_CHM4110_GroupF_NIA_Biota_2x_BugSpike,102521,Spike,Pestle,Biota,NIA,PFHxS,5.92E+02,3.8,1.32E+03,1
102521_CHM4110_GroupF_NIA_Biota_2x_Catfish1,102521,Sample,Homogenizer,Biota,NIA,PFHxS,3.22E+02,3.8,8.73E+03,0.8154
102521_CHM4110_GroupF_NIA_Biota_2x_Catfish2,102521,Sample,Homogenizer,Biota,NIA,PFHxS,4.33E+02,3.76,8.00E+03,0.6882
102521_CHM4110_GroupF_NIA_Biota_2x_Catfish3,102521,Sample,Homogenizer,Biota,NIA,PFHxS,4.85E+02,3.77,1.32E+03,0.7812
102521_CHM4110_GroupF_NIA_Biota_2x_Crayfish1,102521,Sample,Pestle,Biota,NIA,PFHxS,5.32E+02,3.75,2.91E+03,0.736
102521_CHM4110_GroupF_NIA_Biota_2x_Crayfish2,102521,Sample,Pestle,Biota,NIA,PFHxS,1.56E+02,3.77,1.32E+03,0.534
102521_CHM4110_GroupF_NIA_Biota_2x_Crayfish3,102521,Sample,Pestle,Biota,NIA,PFHxS,8.27E+02,3.78,8.17E+03,0.598
102521_CHM4110_GroupF_NIA_Biota_2x_Shrimp1,102521,Sample,Homogenizer,Biota,NIA,PFHxS,1.01E+02,3.77,9.28E+03,0.6117
102521_CHM4110_GroupF_NIA_Biota_2x_Shrimp2,102521,Sample,Homogenizer,Biota,NIA,PFHxS,2.03E+02,3.77,2.87E+03,0.618
102521_CHM4110_GroupF_NIA_Biota_2x_Shrimp3,102521,Sample,Homogenizer,Biota,NIA,PFHxS,1.00E+02,3.78,8.27E+03,0.5032
102521_CHM4110_GroupF_NIA_Biota_2x_Whirligig1,102521,Sample,Pestle,Biota,NIA,PFHxS,0.00E+00,0,9.44E+03,0.4993
102521_CHM4110_GroupF_NIA_Biota_2x_Whirligig2,102521,Sample,Pestle,Biota,NIA,PFHxS,0.00E+00,0,3.97E+03,0.358
102521_CHM4110_GroupF_NIA_Biota_2x_BugSpike,102521,Spike,Pestle,Biota,NIA,PFNA,5.96E+05,4.12,1.19E+05,1
102521_CHM4110_GroupF_NIA_Biota_2x_Catfish1,102521,Sample,Blender,Biota,NIA,PFNA,9.49E+05,4.12,1.55E+05,0.8154
102521_CHM4110_GroupF_NIA_Biota_2x_Catfish2,102521,Sample,Blender,Biota,NIA,PFNA,4.55E+05,4.11,2.31E+05,0.6882
102521_CHM4110_GroupF_NIA_Biota_2x_Catfish3,102521,Sample,Blender,Biota,NIA,PFNA,9.83E+05,4.12,1.20E+05,0.7812
102521_CHM4110_GroupF_NIA_Biota_2x_Crayfish1,102521,Sample,Pestle,Biota,NIA,PFNA,8.39E+04,4.09,9.54E+04,0.736
102521_CHM4110_GroupF_NIA_Biota_2x_Crayfish2,102521,Sample,Pestle,Biota,NIA,PFNA,3.46E+05,4.11,9.67E+04,0.534
102521_CHM4110_GroupF_NIA_Biota_2x_Crayfish3,102521,Sample,Pestle,Biota,NIA,PFNA,2.50E+05,4.12,2.42E+05,0.598
102521_CHM4110_GroupF_NIA_Biota_2x_Shrimp1,102521,Sample,Homogenizer,Biota,NIA,PFNA,4.05E+04,4.11,1.07E+05,0.6117
102521_CHM4110_GroupF_NIA_Biota_2x_Shrimp2,102521,Sample,Homogenizer,Biota,NIA,PFNA,6.05E+03,4.12,2.11E+05,0.618
102521_CHM4110_GroupF_NIA_Biota_2x_Shrimp3,102521,Sample,Homogenizer,Biota,NIA,PFNA,4.36E+03,4.09,1.55E+05,0.5032
102521_CHM4110_GroupF_NIA_Biota_2x_Whirligig1,102521,Sample,Pestle,Biota,NIA,PFNA,2.38E+02,4.11,9.97E+04,0.4993
102521_CHM4110_GroupF_NIA_Biota_2x_Whirligig2,102521,Sample,Pestle,Biota,NIA,PFNA,3.98E+03,4.1,7.36E+04,0.358
102521_CHM4110_GroupF_NIA_Biota_2x_BugSpike,102521,Spike,Pestle,Biota,NIA,PFOA,7.13E+05,3.96,2.64E+05,1
102521_CHM4110_GroupF_NIA_Biota_2x_Catfish1,102521,Sample,Blender,Biota,NIA,PFOA,7.16E+04,4.01,1.00E+05,0.8154
102521_CHM4110_GroupF_NIA_Biota_2x_Catfish2,102521,Sample,Blender,Biota,NIA,PFOA,3.23E+03,4.01,1.13E+05,0.6882
102521_CHM4110_GroupF_NIA_Biota_2x_Catfish3,102521,Sample,Blender,Biota,NIA,PFOA,9.06E+03,4.01,1.00E+05,0.7812
102521_CHM4110_GroupF_NIA_Biota_2x_Crayfish1,102521,Sample,Pestle,Biota,NIA,PFOA,1.20E+04,4.01,1.10E+05,0.736
102521_CHM4110_GroupF_NIA_Biota_2x_Crayfish2,102521,Sample,Pestle,Biota,NIA,PFOA,1.15E+04,4.02,6.94E+04,0.534
102521_CHM4110_GroupF_NIA_Biota_2x_Crayfish3,102521,Sample,Pestle,Biota,NIA,PFOA,1.85E+04,4.02,8.60E+04,0.598
102521_CHM4110_GroupF_NIA_Biota_2x_Shrimp1,102521,Sample,Homogenizer,Biota,NIA,PFOA,1.92E+04,4.02,1.22E+05,0.6117
102521_CHM4110_GroupF_NIA_Biota_2x_Shrimp2,102521,Sample,Homogenizer,Biota,NIA,PFOA,8.37E+03,4.02,8.42E+04,0.618
102521_CHM4110_GroupF_NIA_Biota_2x_Shrimp3,102521,Sample,Homogenizer,Biota,NIA,PFOA,1.03E+04,4.02,1.45E+05,0.5032
102521_CHM4110_GroupF_NIA_Biota_2x_Whirligig1,102521,Sample,Pestle,Biota,NIA,PFOA,1.04E+04,4.03,1.67E+05,0.4993
102521_CHM4110_GroupF_NIA_Biota_2x_Whirligig2,102521,Sample,Pestle,Biota,NIA,PFOA,0.00E+00,0,6.93E+04,0.358
102521_CHM4110_GroupF_NIA_Biota_2x_BugSpike,102521,Spike,Pestle,Biota,NIA,PFOS,2.07E+04,4.09,2.93E+03,1
102521_CHM4110_GroupF_NIA_Biota_2x_Catfish1,102521,Sample,Blender,Biota,NIA,PFOS,1.09E+04,4.09,2.66E+03,0.8154
102521_CHM4110_GroupF_NIA_Biota_2x_Catfish2,102521,Sample,Blender,Biota,NIA,PFOS,5.33E+03,4.09,5.16E+03,0.6882
102521_CHM4110_GroupF_NIA_Biota_2x_Catfish3,102521,Sample,Blender,Biota,NIA,PFOS,1.43E+04,4.09,2.37E+03,0.7812
102521_CHM4110_GroupF_NIA_Biota_2x_Crayfish1,102521,Sample,Pestle,Biota,NIA,PFOS,1.23E+04,4.09,6.09E+03,0.736
102521_CHM4110_GroupF_NIA_Biota_2x_Crayfish2,102521,Sample,Pestle,Biota,NIA,PFOS,5.19E+04,4.09,5.39E+03,0.534
102521_CHM4110_GroupF_NIA_Biota_2x_Crayfish3,102521,Sample,Pestle,Biota,NIA,PFOS,1.50E+04,4.09,6.34E+03,0.598
102521_CHM4110_GroupF_NIA_Biota_2x_Shrimp1,102521,Sample,Homogenizer,Biota,NIA,PFOS,1.23E+04,4.09,2.60E+03,0.6117
102521_CHM4110_GroupF_NIA_Biota_2x_Shrimp2,102521,Sample,Homogenizer,Biota,NIA,PFOS,8.47E+03,4.09,8.04E+03,0.618
102521_CHM4110_GroupF_NIA_Biota_2x_Shrimp3,102521,Sample,Homogenizer,Biota,NIA,PFOS,1.36E+04,4.09,2.34E+03,0.5032
102521_CHM4110_GroupF_NIA_Biota_2x_Whirligig1,102521,Sample,Pestle,Biota,NIA,PFOS,1.23E+02,4.09,2.06E+03,0.4993
102521_CHM4110_GroupF_NIA_Biota_2x_Whirligig2,102521,Sample,Pestle,Biota,NIA,PFOS,2.18E+02,4.09,8.37E+03,0.358
